video_id,key,song_name,artist_name,genre,track_category,release_date,collected_at,view_count,comment_count,like_count,channel_title,video_title
WILNIXZr2oc,j_cole_catalog_01,MIDDLE CHILD,J. Cole,boom_bap,catalog,2019-02-25,2026-07-21T02:43:36.986400+00:00,357882605,84427,3157978,JColeVEVO,J. Cole - MIDDLE CHILD
jYdaQJzcAcw,j_cole_catalog_02,She Knows,J. Cole,boom_bap,catalog,2014-02-14,2026-07-21T02:43:36.986400+00:00,297183192,102321,3273260,JColeVEVO,"J. Cole - She Knows (Explicit Video) ft. Amber Coffman, Cults"
eCGV26aj-mM,j_cole_catalog_03,Wet Dreamz,J. Cole,boom_bap,catalog,2015-04-21,2026-07-21T02:43:36.986400+00:00,252701288,42050,1984870,JColeVEVO,J. Cole - Wet Dreamz
vHU6ZRQJ50Q,j_cole_catalog_04,G.O.M.D,J. Cole,boom_bap,catalog,2015-03-23,2026-07-21T02:43:36.986400+00:00,201377689,26297,1469377,JColeVEVO,J. Cole - G.O.M.D
fzzMOMkjm8A,j_cole_catalog_05,Crooked Smile,J. Cole,boom_bap,catalog,2013-09-18,2026-07-21T02:43:36.986400+00:00,90520289,27107,670612,JColeVEVO,J. Cole - Crooked Smile (Video) ft. TLC
zI1eLwVuSeI,j_cole_post_01,Can't Get Enough,J. Cole,boom_bap,post,2019-06-22,2026-07-21T02:43:36.986400+00:00,16384707,8551,234337,JColeVEVO,J. Cole - Can't Get Enough ft. Trey Songz
vUTI4bPdlgE,j_cole_post_02,ATM,J. Cole,boom_bap,post,2018-04-20,2026-07-21T02:43:36.986400+00:00,85662526,49853,1026638,JColeVEVO,J. Cole - ATM
9nfVWiXY3WY,j_cole_post_03,Neighbors,J. Cole,boom_bap,post,2017-05-01,2026-07-21T02:43:36.986400+00:00,16060152,8978,300277,JColeVEVO,J. Cole - Neighbors
PoK2m6Mu53A,nas_catalog_01,Wave Gods,Nas,boom_bap,catalog,2022-03-23,2026-07-21T02:43:36.986400+00:00,11112389,10455,307989,Nas,"Nas - ""Wave Gods"" feat. A$AP Rocky and DJ Premier (Official Video)"
234OiGtOvII,nas_catalog_02,Nobody,Nas,boom_bap,catalog,2021-08-06,2026-07-21T02:43:36.986400+00:00,8710825,13416,155717,Nas,Nas - Nobody feat. Ms. Lauryn Hill (Official Audio)
66OFYWBrg3o,nas_catalog_03,Rare,Nas,boom_bap,catalog,2021-08-06,2026-07-21T02:43:36.986400+00:00,4910522,6926,107145,Nas,Nas - Rare (Official Video)
mCx9sgGqefU,nas_catalog_04,27 Summers,Nas,boom_bap,catalog,2021-01-22,2026-07-21T02:43:36.986400+00:00,4173294,6169,102635,Nas,Nas - 27 Summers (Official Video)
buincVFp-yM,nas_catalog_05,Michael & Quincy,Nas,boom_bap,catalog,2022-11-21,2026-07-21T02:43:36.986400+00:00,4100622,5045,65595,Nas,Nas - Michael & Quincy (Official Video)
oQC97J_20d4,nas_post_01,GiT Ready,Nas,boom_bap,post,2026-03-18,2026-07-21T02:43:36.986400+00:00,1298318,4715,65727,Nas,"Nas & DJ Premier - ""GiT Ready"" (Official Video)"
1yC83w40zhs,nas_post_02,LIGHT-YEARS,Nas,boom_bap,post,2025-12-12,2026-07-21T02:43:36.986400+00:00,60578,222,2815,Nas,LIGHT-YEARS
QeR9VfPPwDw,nas_post_03,Writers,Nas,boom_bap,post,2025-12-12,2026-07-21T02:43:36.986400+00:00,581176,2122,16273,Nas,"Nas & DJ Premier - ""Writers"" (Visualizer)"
XoZtqXNLcW8,joey_badass_catalog_01,Where I Belong,Joey Bada$$,boom_bap,catalog,2022-07-01,2026-07-21T02:43:36.986400+00:00,4400410,4011,133040,Joey Bada$$,Joey Bada$$ - Where I Belong (Official Video)
Fy3070QgHV0,joey_badass_catalog_02,Zipcodes,Joey Bada$$,boom_bap,catalog,2022-07-15,2026-07-21T02:43:36.986400+00:00,2556330,2683,90580,Joey Bada$$,Joey Bada$$ - Zipcodes (Official Video)
2msMRPdMdWc,joey_badass_catalog_03,The Ruler's Back,Joey Bada$$,boom_bap,catalog,2025-01-01,2026-07-21T02:43:36.986400+00:00,3250095,10655,119917,Joey Bada$$,Joey Bada$$ - The Ruler's Back (Official Video)
yuWXpOW9Kyo,joey_badass_catalog_04,CRASH DUMMY,Joey Bada$$,boom_bap,catalog,2025-05-20,2026-07-21T02:43:36.986400+00:00,2010766,18019,78143,Joey Bada$$,Joey Bada$$ - CRASH DUMMY (Official Audio)
w30H9X86wmg,joey_badass_catalog_05,Sorry Not Sorry,Joey Bada$$,boom_bap,catalog,2025-01-20,2026-07-21T02:43:36.986400+00:00,2000608,8963,92560,Joey Bada$$,Joey Bada$$ - Sorry Not Sorry (Official Video)
FeoPeBgbLEY,joey_badass_post_01,SUPAFLEE,Joey Bada$$,boom_bap,post,2025-09-30,2026-07-21T02:43:36.986400+00:00,678345,2145,43753,Joey Bada$$,Joey Bada$$ - SUPAFLEE (Official Video)
6srUoLcXVKY,joey_badass_post_02,STILL,Joey Bada$$,boom_bap,post,2025-08-25,2026-07-21T02:43:36.986400+00:00,1036052,2174,45039,Joey Bada$$,"Joey Bada$$ - STILL (feat. Ab-Soul, Rapsody) (Official Video)"
52ToK1R1kzI,joey_badass_post_03,DARK AURA,Joey Bada$$,boom_bap,post,2025-08-18,2026-07-21T02:43:36.986400+00:00,1829938,2448,66922,Joey Bada$$,Joey Bada$$ - DARK AURA (Official Video)
_WnXMMOkubA,freddie_gibbs_catalog_01,Gang Signs,Freddie Gibbs,boom_bap,catalog,2021-02-05,2026-07-21T02:43:36.986400+00:00,15964406,5288,213028,Freddie Gibbs,Freddie Gibbs - Gang Signs (feat. ScHoolboy Q) [Official Video]
58g_dyMTQHQ,freddie_gibbs_catalog_02,Black Illuminati,Freddie Gibbs,boom_bap,catalog,2021-11-19,2026-07-21T02:43:36.986400+00:00,9358326,7934,157340,Freddie Gibbs,Freddie Gibbs - Black Illuminati (ft. Jadakiss) [Official Video]
NabmJWtYK5c,freddie_gibbs_catalog_03,Big Boss Rabbit,Freddie Gibbs,boom_bap,catalog,2021-04-02,2026-07-21T02:43:36.986400+00:00,7673853,5992,125988,Freddie Gibbs,Freddie Gibbs - Big Boss Rabbit (Official Video)
GT9IWNxHupc,freddie_gibbs_catalog_04,Scottie Beam,Freddie Gibbs,boom_bap,catalog,2020-07-15,2026-07-21T02:43:36.986400+00:00,7252450,4366,99728,Freddie Gibbs,Freddie Gibbs & The Alchemist - Scottie Beam featuring Rick Ross (Official Video)
09pjULtApQs,freddie_gibbs_catalog_05,Frank Lucas,Freddie Gibbs,boom_bap,catalog,2020-09-09,2026-07-21T02:43:36.986400+00:00,6329042,4496,97190,Freddie Gibbs,Freddie Gibbs & The Alchemist - Frank Lucas (feat. Benny The Butcher) [Official Video]
jGpF7nNfDqg,freddie_gibbs_post_01,Rabbit Mode,Freddie Gibbs,boom_bap,post,2026-05-29,2026-07-21T02:43:36.986400+00:00,293285,706,10206,Freddie Gibbs,Freddie Gibbs - Rabbit Mode (Official Visualizer)
igGY41fNf5M,freddie_gibbs_post_02,Immigrants,Freddie Gibbs,boom_bap,post,2026-05-29,2026-07-21T02:43:36.986400+00:00,212088,425,6033,Freddie Gibbs,Freddie Gibbs - Immigrants (Official Visualizer)
NVMHlJoK2XY,freddie_gibbs_post_03,Axxtion,Freddie Gibbs,boom_bap,post,2026-05-29,2026-07-21T02:43:36.986400+00:00,108907,265,3787,Freddie Gibbs,Freddie Gibbs - Axxtion (Official Visualizer)
pZE4dL7WLq4,rapsody_catalog_01,Dust To Diamonds,Rapsody,boom_bap,catalog,2022-05-04,2026-07-21T02:43:36.986400+00:00,173117,268,3422,Rapsody,Rapsody - Dust To Diamonds ft. Faouzia (Official Visualizer)
Qwmu3ejHd_4,rapsody_catalog_02,Asteroids,Rapsody,boom_bap,catalog,2023-10-30,2026-07-21T02:43:36.986400+00:00,157432,440,4692,Rapsody,Rapsody - Asteroids ft. Hit-Boy (Official Lyric Video)
5uS1t9ZzgjE,rapsody_catalog_03,Cleo,Rapsody,boom_bap,catalog,2019-08-23,2026-07-21T02:43:36.986400+00:00,142611,129,2697,Rapsody,Rapsody - Cleo [Official Audio]
k7-VMlsfClw,rapsody_catalog_04,Sojourner,Rapsody,boom_bap,catalog,2019-08-23,2026-07-21T02:43:36.986400+00:00,100955,152,4785,Rapsody,Rapsody - Sojourner (ft. J. Cole) [Official Audio]
EA7EwHkuDBU,rapsody_catalog_05,Hatshepsut,Rapsody,boom_bap,catalog,2019-08-23,2026-07-21T02:43:36.986400+00:00,67612,105,1733,Rapsody,Rapsody - Hatshepsut (ft. Queen Latifah) [Official Audio]
MQ-jwrhO7M4,rapsody_post_01,God Gotta Afro,Rapsody,boom_bap,post,2026-06-12,2026-07-21T02:43:36.986400+00:00,7480,78,896,Rapsody,"Rapsody, KARABO YA MORENA - God Gotta Afro (Official Audio)"
dB07Oi4vapA,rapsody_post_02,FUCKUMEAN,Rapsody,boom_bap,post,2026-05-26,2026-07-21T02:43:36.986400+00:00,2648,51,509,Rapsody,FUCKUMEAN | free though in collaboration with GROOVE
n9vyEcCtVLs,rapsody_post_03,Please Don't Cry,Rapsody,boom_bap,post,2026-05-21,2026-07-21T02:43:36.986400+00:00,3047,17,301,Rapsody,Rapsody - Please Don't Cry (For Your Consideration II)
6ONRf7h3Mdk,travis_scott_catalog_01,SICKO MODE,Travis Scott,trap,catalog,2018-10-19,2026-07-21T02:43:36.986400+00:00,1399273556,346332,11267735,TravisScottVEVO,Travis Scott - SICKO MODE (Official Video) ft. Drake
Dst9gZkq1a8,travis_scott_catalog_02,goosebumps,Travis Scott,trap,catalog,2017-04-14,2026-07-21T02:43:36.986400+00:00,1146127262,216859,10302185,TravisScottVEVO,Travis Scott - goosebumps (Official Video) ft. Kendrick Lamar
tfSS1e3kYeo,travis_scott_catalog_03,HIGHEST IN THE ROOM,Travis Scott,trap,catalog,2019-10-04,2026-07-21T02:43:36.986400+00:00,817107349,157834,7539486,TravisScottVEVO,Travis Scott - HIGHEST IN THE ROOM (Official Music Video)
_EyZUTDAH0U,travis_scott_catalog_04,BUTTERFLY EFFECT,Travis Scott,trap,catalog,2017-07-13,2026-07-21T02:43:36.986400+00:00,551314674,83318,3747803,TravisScottVEVO,Travis Scott - BUTTERFLY EFFECT (Official Video)
KnZ8h3MRuYg,travis_scott_catalog_05,Antidote,Travis Scott,trap,catalog,2015-09-18,2026-07-21T02:43:36.986400+00:00,446974181,79155,3310921,TravisScottVEVO,Travis Scott - Antidote (Official Video)
6i8ed5GT1-0,travis_scott_post_01,PBT,Travis Scott,trap,post,2025-12-17,2026-07-21T02:43:36.986400+00:00,7998677,7790,271394,TravisScottVEVO,"Travis Scott, Tyla, Vybz Kartel - PBT (Official Music Video)"
M5iHI0nsVZc,travis_scott_post_02,BEEP BEEP,Travis Scott,trap,post,2025-07-18,2026-07-21T02:43:36.986400+00:00,6577588,4010,101766,TravisScottVEVO,"Travis Scott, SahBabii - BEEP BEEP"
LaJ7SWa4-QU,travis_scott_post_03,DA WIZARD,Travis Scott,trap,post,2025-07-17,2026-07-21T02:43:36.986400+00:00,3016646,1669,44788,TravisScottVEVO,Travis Scott - DA WIZARD (Official Audio)
leJNDpm_G10,young_thug_catalog_01,Hot,Young Thug,trap,catalog,2019-11-01,2026-07-21T02:43:36.986400+00:00,279471141,50817,2230457,Young Thug,Young Thug - Hot ft. Gunna & Travis Scott [Official Music Video]
Tz6OUIjtM6E,young_thug_catalog_02,Best Friend,Young Thug,trap,catalog,2015-09-14,2026-07-21T02:43:36.986400+00:00,337052302,55060,2004029,Young Thug,"Young Thug ""Best Friend"""
_-QxSh19nDI,young_thug_catalog_03,Power,Young Thug,trap,catalog,2015-09-28,2026-07-21T02:43:36.986400+00:00,256149482,34154,1537560,Young Thug,"Young Thug ""Power"""
p0x6FEDV-ig,young_thug_catalog_04,Check,Young Thug,trap,catalog,2015-04-15,2026-07-21T02:43:36.986400+00:00,210435550,27428,1269346,Young Thug,Young Thug - Check (Official Music Video)
KyCTZ8c-trc,young_thug_catalog_05,Halftime,Young Thug,trap,catalog,2015-06-08,2026-07-21T02:43:36.986400+00:00,107664722,19160,574303,Young Thug,Young Thug - Halftime [Official Video]
mSZKZLqO4Is,young_thug_post_01,Revenge,Young Thug,trap,post,2025-12-04,2026-07-21T02:43:36.986400+00:00,3059843,2938,52667,Young Thug,Young Thug - Revenge (feat. Lil Gotit & 1300Saint) [Official Video]
53yDuaWtUsQ,young_thug_post_02,Blaming Jesus,Young Thug,trap,post,2025-10-23,2026-07-21T02:43:36.986400+00:00,3272138,3735,50987,Young Thug,Young Thug - Blaming Jesus [Official Video]
Iy_fycvZJLA,young_thug_post_03,Yes You Can,Young Thug,trap,post,2025-10-03,2026-07-21T02:43:36.986400+00:00,738035,723,15453,Young Thug,Young Thug - Yes You Can [Official Visualizer]
xvZqHgFz51I,future_catalog_01,Mask Off,Future,trap,catalog,2017-05-05,2026-07-21T02:43:36.986400+00:00,669030510,217306,6848461,FutureVEVO,Future - Mask Off (Official Music Video)
l0U7SxXHkPY,future_catalog_02,Life Is Good,Future,trap,catalog,2020-01-10,2026-07-21T02:43:36.986400+00:00,2269743040,232972,10534292,FutureVEVO,Future - Life Is Good (Official Music Video) ft. Drake
K_9tX4eHztY,future_catalog_03,Low Life,Future,trap,catalog,2016-03-26,2026-07-21T02:43:36.986400+00:00,962671691,81223,4041742,FutureVEVO,Future - Low Life (Official Music Video) ft. The Weeknd
lw3Or6eqIpI,future_catalog_04,Where Ya At,Future,trap,catalog,2015-08-21,2026-07-21T02:43:36.986400+00:00,338255758,50070,1612131,FutureVEVO,Future - Where Ya At (Official Music Video) ft. Drake
2DBBb3_p8eg,future_catalog_05,You Da Baddest,Future,trap,catalog,2017-07-28,2026-07-21T02:43:36.986400+00:00,234258423,43089,1677470,FutureVEVO,Future - You Da Baddest (Official Music Video) ft. Nicki Minaj
f6ZDmAhaH_Q,future_post_01,Konnichiwa,Future,trap,post,2026-07-13,2026-07-21T02:43:36.986400+00:00,1960705,2263,44157,FutureVEVO,Future - Konnichiwa (Official Music Video)
DOSwXMCEMgM,future_post_02,Alice,Future,trap,post,2026-07-10,2026-07-21T02:43:36.986400+00:00,212746,459,5422,FutureVEVO,Future - Alice (Official Audio)
SRIc1RSp2nY,future_post_03,Snow in Skyami,Future,trap,post,2026-07-10,2026-07-21T02:43:36.986400+00:00,568948,335,9879,FutureVEVO,Future - Snow in Skyami (Official Audio)
H1KBHFXm2Bg,21_savage_catalog_01,Bank Account,21 Savage,trap,catalog,2017-11-10,2026-07-21T02:43:36.986400+00:00,130954590,51270,1657521,21 Savage,21 Savage - Bank Account (Official Music Video)
6wtwpUwxQik,21_savage_catalog_02,No Heart,21 Savage,trap,catalog,2016-10-18,2026-07-21T02:43:36.986400+00:00,303048421,85643,2098169,21 Savage,21 Savage & Metro Boomin - No Heart (Official Music Video)
SpXw0qiy3Wo,21_savage_catalog_03,X,21 Savage,trap,catalog,2016-12-25,2026-07-21T02:43:36.986400+00:00,196233398,32567,1402010,21 Savage,21 Savage & Metro Boomin - X ft Future (Official Music Video)
VbrEsOLu75c,21_savage_catalog_04,A Lot,21 Savage,trap,catalog,2018-12-21,2026-07-21T02:43:36.986400+00:00,68414792,23857,663406,21 Savage,21 Savage - A Lot (Official Audio)
acYUqMd9k2I,21_savage_catalog_05,Glock In My Lap,21 Savage,trap,catalog,2021-02-24,2026-07-21T02:43:36.986400+00:00,107207665,14169,1158448,21 Savage,21 Savage & Metro Boomin - Glock In My Lap (Official Music Video)
seppD-MuFvQ,21_savage_post_01,STEPBROTHERS,21 Savage,trap,post,2026-04-16,2026-07-21T02:43:36.986400+00:00,1629593,2460,59269,21 Savage,21 Savage - STEPBROTHERS ft Young Nudy (Official Music Video)
fvvEkicKuPo,21_savage_post_02,HA,21 Savage,trap,post,2025-12-12,2026-07-21T02:43:36.986400+00:00,3919312,3680,96693,21 Savage,21 Savage - HA (Official Music Video)
U4mADkt6o-M,21_savage_post_03,redrum,21 Savage,trap,post,2024-01-12,2026-07-21T02:43:36.986400+00:00,167265568,37080,1859296,21 Savage,21 Savage - redrum (Official Music Video)
MHryuYVyHhk,lil_baby_catalog_01,Freestyle,Lil Baby,trap,catalog,2017-11-05,2026-07-21T02:43:36.986400+00:00,735709391,57745,2928083,Lil Baby Official ,"Lil Baby ""Freestyle"" Official Music Video"
_VDGysJGNoI,lil_baby_catalog_02,The Bigger Picture,Lil Baby,trap,catalog,2020-06-12,2026-07-21T02:43:36.986400+00:00,212876035,110104,2472786,Lil Baby Official ,Lil Baby - The Bigger Picture (Official Music Video)
_YzD9KW82sk,lil_baby_catalog_03,Drip Too Hard,Lil Baby,trap,catalog,2018-10-05,2026-07-21T02:43:36.986400+00:00,99891291,31475,1386079,Lil Baby Official ,"Lil Baby x Gunna - ""Drip Too Hard"" (Official Music Video)"
WIwFxkDl2WA,lil_baby_catalog_04,Okay,Lil Baby,trap,catalog,2021-06-04,2026-07-21T02:43:36.986400+00:00,40874454,3218,236819,Lil Baby Official ,Lil Baby & Lil Durk - Okay (Official Audio)
Pw5y13LU_M0,lil_baby_catalog_05,By Myself,Lil Baby,trap,catalog,2025-01-07,2026-07-21T02:43:36.986400+00:00,28155847,4191,177803,Lil Baby Official ,Lil Baby -  By Myself Feat Rod Wave & Rylo Rodriguez (Official Music Video)
QK1zXP0NTeM,lil_baby_post_01,Violation,Lil Baby,trap,post,2025-12-31,2026-07-21T02:43:36.986400+00:00,6451752,2079,82532,Lil Baby Official ,Lil Baby - Violation (Official Music Video)
WWkGFs_7SjQ,lil_baby_post_02,Guaranteed,Lil Baby,trap,post,2025-12-17,2026-07-21T02:43:36.986400+00:00,3202513,1623,50260,Lil Baby Official ,Lil Baby - Guaranteed
tk9zCak_UHU,lil_baby_post_03,Mrs. Trendsetter,Lil Baby,trap,post,2026-03-12,2026-07-21T02:43:36.986400+00:00,29120,56,1502,Lil Baby Official ,“Mrs. Trendsetter” Official Music Video OUT NOW!🔥
rajEOWsPhhY,gunna_catalog_01,Oh Okay,Gunna,trap,catalog,2018-03-10,2026-07-21T02:43:36.986400+00:00,159958872,15693,894707,Gunna,Gunna - Oh Okay ft. Young Thug & Lil Baby [Official Music Video]
V6ZsXKE8QmQ,gunna_catalog_02,fukumean,Gunna,trap,catalog,2023-07-05,2026-07-21T02:43:36.986400+00:00,35295328,17320,714933,Gunna,Gunna - fukumean [Official Video]
7vfnAY4fCbo,gunna_catalog_03,DOLLAZ ON MY HEAD,Gunna,trap,catalog,2020-07-24,2026-07-21T02:43:36.986400+00:00,54435741,10245,550119,Gunna,Gunna - DOLLAZ ON MY HEAD (feat. Young Thug) [Official Video]
-705T4FioZE,gunna_catalog_04,pushin P,Gunna,trap,catalog,2022-01-12,2026-07-21T02:43:36.986400+00:00,44806879,18155,537959,Gunna,Gunna & Future - pushin P (feat. Young Thug) [Official Video]
PpCZPdLC6Cc,gunna_catalog_05,bread & butter,Gunna,trap,catalog,2023-06-02,2026-07-21T02:43:36.986400+00:00,50963181,25063,377218,Gunna,Gunna - bread & butter [Official Video]
w7Wf0h1Q8a4,gunna_post_01,HIM ALL ALONG,Gunna,trap,post,2024-11-12,2026-07-21T02:43:36.986400+00:00,73499345,12181,468902,Gunna,Gunna - HIM ALL ALONG [Official Video]
Tqjw-H4QyG0,gunna_post_02,Prada Dem,Gunna,trap,post,2024-03-15,2026-07-21T02:43:36.986400+00:00,32011218,8836,311262,Gunna,Gunna - Prada Dem (feat. Offset) [Official Video]
mANvg9R1xeI,gunna_post_03,wgft,Gunna,trap,post,2025-08-08,2026-07-21T02:43:36.986400+00:00,44705669,6408,275107,Gunna,Gunna - wgft (feat. Burna Boy) [Official Visualizer]
TGgcC5xg9YI,tyler_the_creator_catalog_01,SEE YOU AGAIN,"Tyler, The Creator",alternative,catalog,2018-08-08,2026-07-21T02:43:36.986400+00:00,242549461,75700,3363118,"Tyler, The Creator",SEE YOU AGAIN featuring Kali Uchis
HmAsUQEFYGI,tyler_the_creator_catalog_02,EARFQUAKE,"Tyler, The Creator",alternative,catalog,2019-05-17,2026-07-21T02:43:36.986400+00:00,176175976,102675,3257604,"Tyler, The Creator",EARFQUAKE
FUXX55WqYZs,tyler_the_creator_catalog_03,Who Dat Boy,"Tyler, The Creator",alternative,catalog,2017-06-29,2026-07-21T02:43:36.986400+00:00,106060063,52305,1564798,"Tyler, The Creator","Tyler, The Creator - Who Dat Boy"
9JQDPjpfiGw,tyler_the_creator_catalog_04,A BOY IS A GUN*,"Tyler, The Creator",alternative,catalog,2019-09-16,2026-07-21T02:43:36.986400+00:00,37873693,27047,824105,"Tyler, The Creator",A BOY IS A GUN*
jQNazsWnQKU,tyler_the_creator_catalog_05,OKRA,"Tyler, The Creator",alternative,catalog,2018-03-29,2026-07-21T02:43:36.986400+00:00,36572228,22028,702470,"Tyler, The Creator","Tyler, The Creator - OKRA"
1f_cpXJtlQk,tyler_the_creator_post_01,SAG HARBOR,"Tyler, The Creator",alternative,post,2025-12-25,2026-07-21T02:43:36.986400+00:00,4743682,10948,268845,"Tyler, The Creator",SAG HARBOR (Official Video)
M0qiZHV4E3U,tyler_the_creator_post_02,THAT GUY,"Tyler, The Creator",alternative,post,2024-12-25,2026-07-21T02:43:36.986400+00:00,44234844,44723,1070047,"Tyler, The Creator",THAT GUY (Official Video)
ljHdccyQbT4,tyler_the_creator_post_03,SUGAR ON MY TONGUE,"Tyler, The Creator",alternative,post,2025-08-12,2026-07-21T02:43:36.986400+00:00,26237683,53305,710868,"Tyler, The Creator",SUGAR ON MY TONGUE (Official Video)
SsKT0s5J8ko,mac_miller_catalog_01,Self Care,Mac Miller,alternative,catalog,2018-07-13,2026-07-21T02:43:36.986400+00:00,566450364,139488,3291849,Mac Miller,Mac Miller - Self Care
J_8xCOSekog,mac_miller_catalog_02,My Favorite Part,Mac Miller,alternative,catalog,2016-12-13,2026-07-21T02:43:36.986400+00:00,123630519,37879,1388797,Mac Miller,Mac Miller - My Favorite Part (feat. Ariana Grande)
aIHF7u9Wwiw,mac_miller_catalog_03,Good News,Mac Miller,alternative,catalog,2020-01-09,2026-07-21T02:43:36.986400+00:00,163731235,73267,1703399,Mac Miller,Mac Miller - Good News
LR3GQfryp9M,mac_miller_catalog_04,Dang!,Mac Miller,alternative,catalog,2016-08-02,2026-07-21T02:43:36.986400+00:00,95817692,15914,669588,Mac Miller,Mac Miller - Dang! (feat. Anderson .Paak)
N29-54dhVHg,mac_miller_catalog_05,Weekend,Mac Miller,alternative,catalog,2016-01-12,2026-07-21T02:43:36.986400+00:00,82935806,11994,561419,Mac Miller,Mac Miller - Weekend (feat. Miguel)
6AlRQzmhLUI,mac_miller_post_01,Rush Hour,Mac Miller,alternative,post,2025-10-24,2026-07-21T02:43:36.986400+00:00,1336012,1189,34950,Mac Miller,Mac Miller - Rush Hour
Y-Ccjf4qn_g,mac_miller_post_02,Ascension,Mac Miller,alternative,post,2025-10-24,2026-07-21T02:43:36.986400+00:00,781875,358,9706,Mac Miller,Mac Miller - Ascension
L0P37IjyioI,mac_miller_post_03,Cut the Check,Mac Miller,alternative,post,2025-10-24,2026-07-21T02:43:36.986400+00:00,303980,544,16697,Mac Miller,Mac Miller - Cut the Check (feat. Chief Keef)
PO3mri47s7M,jpegmafia_catalog_01,1539 N. Calvert,JPEGMAFIA,alternative,catalog,2018-09-12,2026-07-21T02:43:36.986400+00:00,5763053,3059,111188,JPEGMAFIA,JPEGMAFIA - 1539 N. Calvert
2CGFU1lBdCI,jpegmafia_catalog_02,HAZARD DUTY PAY!,JPEGMAFIA,alternative,catalog,2021-10-01,2026-07-21T02:43:36.986400+00:00,5456313,5033,148724,JPEGMAFIA,JPEGMAFIA - HAZARD DUTY PAY!
RBlRmwRVBpM,jpegmafia_catalog_03,BALD!,JPEGMAFIA,alternative,catalog,2020-02-20,2026-07-21T02:43:36.986400+00:00,4225786,4519,120351,JPEGMAFIA,JPEGMAFIA - BALD!
mjd5fSPjZLQ,jpegmafia_catalog_04,"Jesus Forgive Me, I Am A Thot",JPEGMAFIA,alternative,catalog,2019-08-13,2026-07-21T02:43:36.986400+00:00,3580256,3477,94921,JPEGMAFIA,"JPEGMAFIA - Jesus Forgive Me, I Am A Thot"
zRnnuImT930,jpegmafia_catalog_05,JPEGULTRA!,JPEGMAFIA,alternative,catalog,2024-08-12,2026-07-21T02:43:36.986400+00:00,1500153,2428,71878,JPEGMAFIA,JPEGMAFIA x Denzel Curry - JPEGULTRA! (Official Video)
UGIXOtkHtQ8,jpegmafia_post_01,$ (Money),JPEGMAFIA,alternative,post,2026-05-21,2026-07-21T02:43:36.986400+00:00,127183,679,6469,JPEGMAFIA,JPEGMAFIA - $ (Money)
dosF5efl6bg,jpegmafia_post_02,¥ (Yen),JPEGMAFIA,alternative,post,2026-05-16,2026-07-21T02:43:36.986400+00:00,262682,1428,16936,JPEGMAFIA,JPEGMAFIA - ¥ (Yen)
D32u6bRL4wg,jpegmafia_post_03,War Over Land,JPEGMAFIA,alternative,post,2026-05-07,2026-07-21T02:43:36.986400+00:00,235982,1422,16091,JPEGMAFIA,JPEGMAFIA - War Over Land
tKAv7eOK2dg,denzel_curry_catalog_01,CLOUT COBAIN,Denzel Curry,alternative,catalog,2018-07-12,2026-07-21T02:43:36.986400+00:00,111159033,63975,1451218,DenzelCurryVEVO,Denzel Curry - CLOUT COBAIN | CLOUT CO13A1N
3WHm6tfvKlk,denzel_curry_catalog_02,RICKY,Denzel Curry,alternative,catalog,2019-05-08,2026-07-21T02:43:36.986400+00:00,34164992,18945,745493,DenzelCurryVEVO,Denzel Curry - RICKY
fOO1mWLGhh8,denzel_curry_catalog_03,Walkin,Denzel Curry,alternative,catalog,2022-01-24,2026-07-21T02:43:36.986400+00:00,23521219,12655,447211,DenzelCurryVEVO,Denzel Curry - Walkin (Official Music Video)
s0hMu9FUjmk,denzel_curry_catalog_04,VENGEANCE,Denzel Curry,alternative,catalog,2018-09-06,2026-07-21T02:43:36.986400+00:00,17513405,15695,328795,DenzelCurryVEVO,"Denzel Curry - VENGEANCE | VENGEANCE ft. JPEGMAFIA, ZillaKami"
Hr2b5TG54fE,denzel_curry_catalog_05,BLACK BALLOONS,Denzel Curry,alternative,catalog,2019-03-27,2026-07-21T02:43:36.986400+00:00,5699932,6089,194104,DenzelCurryVEVO,"Denzel Curry - BLACK BALLOONS | 13LACK 13ALLOONZ ft. Twelve'len, GoldLink"
SHoU489tLWY,denzel_curry_post_01,GOT ME GEEKED,Denzel Curry,alternative,post,2024-11-14,2026-07-21T02:43:36.986400+00:00,1031981,1445,37099,DenzelCurryVEVO,Denzel Curry - GOT ME GEEKED (Official Music Video)
Ea4ndLe_hn8,denzel_curry_post_02,X-Wing,Denzel Curry,alternative,post,2022-09-26,2026-07-21T02:43:36.986400+00:00,2610189,2502,80985,DenzelCurryVEVO,Denzel Curry - X-Wing (Official Music Video)
nPTH5S8ETUM,denzel_curry_post_03,Troubles,Denzel Curry,alternative,post,2022-03-21,2026-07-21T02:43:36.986400+00:00,3504641,2937,99949,DenzelCurryVEVO,Denzel Curry - Troubles ft. T-Pain (Official Music Video)
VYOjWnS4cMY,childish_gambino_catalog_01,This Is America,Childish Gambino,alternative,catalog,2018-05-06,2026-07-21T02:43:36.986400+00:00,991630326,807448,13310176,ChildishGambinoVEVO,Childish Gambino - This Is America (Official Video)
F1B9Fk_SgI0,childish_gambino_catalog_02,Feels Like Summer,Childish Gambino,alternative,catalog,2018-09-02,2026-07-21T02:43:36.986400+00:00,360722492,141619,3390967,ChildishGambinoVEVO,Childish Gambino - Feels Like Summer (Official Video)
tG35R8F2j8k,childish_gambino_catalog_03,3005,Childish Gambino,alternative,catalog,2013-12-06,2026-07-21T02:43:36.986400+00:00,270179873,66185,2062928,ChildishGambinoVEVO,Childish Gambino - 3005
jx96Twg-Aew,childish_gambino_catalog_04,Sober,Childish Gambino,alternative,catalog,2015-01-10,2026-07-21T02:43:36.986400+00:00,123057451,21035,869431,ChildishGambinoVEVO,Childish Gambino - Sober
dFVxGRekRSg,childish_gambino_catalog_05,Heartbeat,Childish Gambino,alternative,catalog,2012-02-11,2026-07-21T02:43:36.986400+00:00,73727506,22421,799805,ChildishGambinoVEVO,Childish Gambino - Heartbeat
yD9Xo0V-hPw,childish_gambino_post_01,Lithonia,Childish Gambino,alternative,post,2024-07-22,2026-07-21T02:43:36.986400+00:00,5223232,10772,148310,ChildishGambinoVEVO,Childish Gambino - Lithonia (Official Music Video)
U6yAxRRSNQw,childish_gambino_post_02,Yoshinoya,Childish Gambino,alternative,post,2024-07-19,2026-07-21T02:43:36.986400+00:00,1490502,2579,37979,ChildishGambinoVEVO,Childish Gambino - Yoshinoya (Audio)
UYHdYSvl81o,childish_gambino_post_03,Cruisin',Childish Gambino,alternative,post,2024-07-19,2026-07-21T02:43:36.986400+00:00,745539,1002,17571,ChildishGambinoVEVO,Childish Gambino - Cruisin' (Audio) ft. Yeat
poYy7ZgpZk0,saba_catalog_01,Photosynthesis,Saba,alternative,catalog,2016-10-28,2026-07-21T02:43:36.986400+00:00,3516132,1048,53085,Saba Pivot,Saba - Photosynthesis feat. Jean Deaux (Audio)
A6F2OrOjexs,saba_catalog_02,LIFE,Saba,alternative,catalog,2018-04-06,2026-07-21T02:43:36.986400+00:00,2745593,1355,69470,Saba Pivot,Saba - LIFE (Official Video)
LNR4WHaGQQw,saba_catalog_03,Ziplock / Rich Don't Stop,Saba,alternative,catalog,2021-03-18,2026-07-21T02:43:36.986400+00:00,1900786,1986,54337,Saba Pivot,Saba - Ziplock / Rich Don't Stop (Music Video)
Y-_aDdaRWXQ,saba_catalog_04,Mrs. Whoever,Saba,alternative,catalog,2020-09-18,2026-07-21T02:43:36.986400+00:00,1485141,1840,43722,Saba Pivot,Saba - Mrs. Whoever (Official Music Video)
FpnJfVx27jo,saba_catalog_05,Come My Way,Saba,alternative,catalog,2022-03-17,2026-07-21T02:43:36.986400+00:00,2002411,595,17617,Saba Pivot,Saba ft. Krayzie Bone - Come My Way (Official Music Video)
Kxro3Es2H3U,saba_post_01,high tides,Saba,alternative,post,2026-01-16,2026-07-21T02:43:36.986400+00:00,39251,104,2351,Saba Pivot,Saba - high tides (ft. Maxx Moor)
6FK8915bLO8,saba_post_02,TICTACTOE,Saba,alternative,post,2025-12-16,2026-07-21T02:43:36.986400+00:00,19130,56,1176,Saba Pivot,Saba - TICTACTOE (ft. FELIX!)
RFLKKB_yYUw,saba_post_03,don't be long,Saba,alternative,post,2025-11-11,2026-07-21T02:43:36.986400+00:00,29984,92,1775,Saba Pivot,Saba - don't be long
Kbj2Zss-5GY,asap_rocky_catalog_01,Praise The Lord,A$AP Rocky,alternative,catalog,2018-06-05,2026-07-21T02:43:36.986400+00:00,753945535,90412,5125156,LIVELOVEASAPVEVO,A$AP Rocky - Praise The Lord (Da Shine) (Official Video) ft. Skepta
liZm1im2erU,asap_rocky_catalog_02,F**kin' Problems,A$AP Rocky,alternative,catalog,2012-12-04,2026-07-21T02:43:36.986400+00:00,366826883,71563,2342130,LIVELOVEASAPVEVO,"A$AP ROCKY - F**kin' Problems ft. Drake, 2 Chainz, Kendrick Lamar"
F6VfsJ7LAlE,asap_rocky_catalog_03,Fashion Killa,A$AP Rocky,alternative,catalog,2013-09-26,2026-07-21T02:43:36.986400+00:00,120210527,26413,1028423,LIVELOVEASAPVEVO,A$AP Rocky - Fashion Killa (Explicit - Official Video)
1eWdbMBYlH4,asap_rocky_catalog_04,Wild for the Night,A$AP Rocky,alternative,catalog,2013-03-25,2026-07-21T02:43:36.986400+00:00,107855640,32723,873431,LIVELOVEASAPVEVO,"A$AP Rocky - Wild for the Night (Explicit - Official Video) ft. Skrillex, Birdy Nam Nam"
fLCf-URqIf0,asap_rocky_catalog_05,Goldie,A$AP Rocky,alternative,catalog,2012-05-08,2026-07-21T02:43:36.986400+00:00,75765076,13388,510014,LIVELOVEASAPVEVO,A$AP Rocky - Goldie (Official Video)
BXM6vxMGM-M,asap_rocky_post_01,FLACKITO JODYE,A$AP Rocky,alternative,post,2026-01-23,2026-07-21T02:43:36.986400+00:00,4491462,3230,90276,LIVELOVEASAPVEVO,A$AP Rocky - FLACKITO JODYE (Official Video) ft. Tokischa
b9JBRhV73cQ,asap_rocky_post_02,WHISKEY/BLACK DEMARCO,A$AP Rocky,alternative,post,2026-01-19,2026-07-21T02:43:36.986400+00:00,5933824,2914,84926,LIVELOVEASAPVEVO,A$AP Rocky - WHISKEY/BLACK DEMARCO (Official Video)
HYNMIhHAO48,asap_rocky_post_03,PUNK ROCKY,A$AP Rocky,alternative,post,2026-01-16,2026-07-21T02:43:36.986400+00:00,547781,474,11144,LIVELOVEASAPVEVO,A$AP Rocky - PUNK ROCKY (Visualizer)
KnumAWWWgUE,playboi_carti_catalog_01,Sky,Playboi Carti,trap,catalog,2021-04-02,2026-07-21T02:43:36.986400+00:00,113019332,60305,1823891,Playboi Carti,Playboi Carti - Sky [Official Video]
GRoa6w-wnT4,playboi_carti_catalog_02,R.I.P.,Playboi Carti,trap,catalog,2018-06-11,2026-07-21T02:43:36.986400+00:00,69960483,31269,975338,Playboi Carti,Playboi Carti - R.I.P.
j3EwWAMWM6Q,playboi_carti_catalog_03,Shoota,Playboi Carti,trap,catalog,2018-05-23,2026-07-21T02:43:36.986400+00:00,60814971,22168,660087,Playboi Carti,Playboi Carti - Shoota (Audio) ft. Lil Uzi Vert
EwdsnGfrd-k,playboi_carti_catalog_04,Rockstar Made,Playboi Carti,trap,catalog,2020-12-25,2026-07-21T02:43:36.986400+00:00,22146258,15228,334094,Playboi Carti,Playboi Carti - Rockstar Made (Official Audio)
pZ6oeHV28b0,playboi_carti_catalog_05,ILoveUIHateU,Playboi Carti,trap,catalog,2020-12-25,2026-07-21T02:43:36.986400+00:00,44525272,12642,482022,Playboi Carti,Playboi Carti - ILoveUIHateU (Official Audio)
zTKheLpo4nQ,playboi_carti_post_01,EVIL J0RDAN,Playboi Carti,trap,post,2025-03-18,2026-07-21T02:43:36.986400+00:00,14553632,4076,148204,Playboi Carti,Playboi Carti - EVIL J0RDAN (Official Audio)
mj4yh7YrwfE,playboi_carti_post_02,OLYMPIAN,Playboi Carti,trap,post,2025-03-18,2026-07-21T02:43:36.986400+00:00,7044357,2639,65822,Playboi Carti,Playboi Carti - OLYMPIAN (Official Audio)
-V_GygtBQJo,playboi_carti_post_03,POP OUT,Playboi Carti,trap,post,2025-03-18,2026-07-21T02:43:36.986400+00:00,4441022,4396,47715,Playboi Carti,Playboi Carti - POP OUT (Official Audio)
