Topic,Count,Name,Representation,Representative_Docs
-1,6146,-1_this_the_to_is,"['this', 'the', 'to', 'is', 'and', 'of', 'he', 'in', 'that', 'on']","['great song goes in soo hard on this right here! only reason he is getting more hits is cuz he is just watching that short on my channel explaining how all these rappers out here be blowing up so big', 'for those in the comments that think won this rap battle. if you have a small brain i can see why you would say this. em went back and slapped with everything said about him, then kept destroying him with more lyricism then you can catch in one listen. he didn’t have a corny ass chorus, it’s just a 5 min diss. word play and lyrical gymnastics that confuse simple minded clowns like you that obviously cant understand what em put down in these lyrics', ""i love abel as a person. just want to share this important message.when i was probably 9 years old i remember coming home from soccer practice and hearing the hills on the radio, i could feel the thick , and fear it was so intense. a year later i heard starboy on the bus ride to school and i could feel the dark, self glorification, pride, fear, and emptiness. it was so dark. i have listened to most major hits since 1980-2026 and to this day starboy is the darkest song i have ever listened to. music is very spiritual. there's a reason he has some of the most played/streamed songs ever. i hope and pray that this helped someone. if you feel or have ever felt lonely, depressed, angry, prideful, fearful/scared, or anxious all of those things are from demonic spirits that hate you and want you to go to hell with them. jesus christ is the only way to heaven and he will deliver you from all of those things and he walked this earth without sinning and died on the cross, and rose again 3 days later defeating death, sin, and the grave and assented to heaven. so if you accept and confess jesus christ as your lord and savior and give your to him and repent of your sins you will be saved from hell forever. god bless you all.""]"
0,763,0_here_this_is_shit,"['here', 'this', 'is', 'shit', 'you', 'who', 'so', 'miss', 'thank', 'to']","['who is here in 2026😮', ""who's here ? 😂🔥"", 'this shit is hard🔥']"
1,660,1_song_this_album_love,"['song', 'this', 'album', 'love', 'best', 'my', 'the', 'is', 'it', 'so']","['i love this song ❤️🔥', 'love this song ❤...🐐', 'this my song 🥳🥳']"
2,553,2_2026_here_2025_who,"['2026', 'here', '2025', 'who', 'anyone', 'in', '2024', 'june', 'july', 'is']","[""who's here in 2026? :)"", ""who's here in 2026?"", 'who here in 2026']"
3,421,3_rap_hip_hop_rapper,"['rap', 'hip', 'hop', 'rapper', 'of', 'is', 'the', 'rappers', 'best', 'and']","['is hip hop ✌️', 'this is real hip hop.', 'now this is hip hop. this is rap']"
4,294,4_beat_beats_this_remix,"['beat', 'beats', 'this', 'remix', 'the', 'is', 'on', 'bass', 'that', 'of']","['this beat is shit!!', 'this beat is…… 🔥🔥🔥🔥🔥', 'this beat is 🔥']"
5,272,5_video_music_this_videos,"['video', 'music', 'this', 'videos', 'the', 'is', 'song', 'for', 'and', 'of']","['i love this music video so much', 'what music video was it?', 'love this song and video']"
6,242,6_she_her_girl_is,"['she', 'her', 'girl', 'is', 'not', 'that', 'the', 'rihanna', 'meg', 'to']","['i don’t understand why she switched up from then and now. i feel like she needs a new team because this new stuff she tryna do is definitely not it. i mess with her but if she brings back stuff like this. i’ll mess with her even stronger. this remind me of that before fame saweetie.', 'she says why should she join them, when she know that she could beat them now !!! 💯💯💯', ""i feel so bad for not listening to # like that 😪 😔 because she is one of the best female hip-hop artists of all times, no joke. i'm for real 💯 after listening to her music's she as put out to the world i'll be listening to her music's for now on and all the new work she'll bring ✨️""]"
7,230,7_at_is_part_the,"['at', 'is', 'part', 'the', '45', 'that', '54', 'me', '24', '50']","['1:06 so this is where the meme is from why is no one talking about it?', 'at 1:54 he was going crazy in that cage, even he’s like damn this shit fire, i made this?😂🔥', 'the popular part is at 3:07']"
8,215,8_joey_coast_the_of,"['joey', 'coast', 'the', 'of', 'is', 'and', 'he', 'west', 'ab', 'with']","['joey the goat 🤞🏽😭', 'thank you joey! 🏎💨', 'now, that’s a video, joey!']"
9,158,9_jesus_god_and_your,"['jesus', 'god', 'and', 'your', 'of', 'you', 'the', 'to', 'lord', 'christ']","[""it's been over 5 years since jesus christ told me revelation 22:7 look i'm coming soon😊 the day of the lord is near and it's coming quickly be ready for the son of man comes out an hour you don't expect the day of the lord comes like a thief in the night when they are saying peace and safety then sudden destruction shall come upon them a travel with pregnant woman with child and they shall not escape 😊 verse 22 these end times will be shortened for me and the rest of the elect zechariah 14:9 on that day i'll be king over all the earth and get the special requested queens 👑✌️ my father has trillions of wives prepared for me and every woman's going to worship me forever and ever ❤ and i'm not kidding read daniel 12 i stand for the children 🦶 revelation 12:7 i beat the devil up worse than anything ever been beat up😅 thanks be to god for giving us the victory through our lord and savior jesus christ 🙌 if god is for us who can be against us ❤ moms in heaven 😅 and she's the greatest in the kingdom 🌲 she gets to eat from the tree of whenever she wants 🌲🥁 precious in the sight of god is the death of his saints 😅 to live is christ to die is gain blessed are those who die in the lord😊 blessed are those persecuted for righteousness for theirs is the kingdom of heaven rejoice and be very exceedingly greatly glad great is your reward that awaits you in heaven 😅 revelation 20 verse 3 revelation 20:10 and the devil who deceived them was cast into the lake of fire and brimstone where the beast and false prophet are and they shall be tormented all day and night forever and ever 🔥😅🔨 luke 1:37 matthew 7:23 deuteronomy 10:14 to the lord your god belongs the heavens the highest heavens the earth and everything in them 😅 ebt 🍜 bank group o behave 322 🏋️🛴 i don't have that many birthdays left until i'm king overall the earth and get to be with all my children and see all my queens my father has prepared for me."", 'i share this not to judge, but to enlighten what god teaches us to do. jesus christ for being our ultimate and forever provider! i am glad that he set a good example for other artists to do the same. :) matthew 6:1-24 nlt “watch out! don’t do your good deeds publicly, to be admired by others, for you will lose the reward from your father in heaven. when you give to someone in need, don’t do as the hypocrites do—blowing trumpets in the synagogues and streets to call attention to their acts of charity! i tell you the truth, they have received all the reward they will ever get. but when you give to someone in need, don’t let your left hand know what your right hand is doing. give your gifts in private, and your father, who sees everything, will reward you. “when you pray, don’t be like the hypocrites who love to pray publicly on street corners and in the synagogues where everyone can see them. i tell you the truth, that is all the reward they will ever get. but when you pray, go away by yourself, shut the door behind you, and pray to your father in private. then your father, who sees everything, will reward you. “when you pray, don’t babble on and on as the gentiles do. they think their prayers are answered merely by repeating their words again and again. don’t be like them, for your father knows exactly what you need even before you ask him! pray like this: our father in heaven, may your name be kept holy. may your kingdom come soon. may your will be done on earth, as it is in heaven. give us today the food we need, and forgive us our sins, as we have forgiven those who sin against us. and don’t let us yield to temptation, but rescue us from the evil one. “if you forgive those who sin against you, your heavenly father will forgive you. but if you refuse to forgive others, your father will not forgive your sins. “and when you fast, don’t make it obvious, as the hypocrites do, for they try to look miserable and disheveled so people will admire them for their fasting. i tell you the truth, that is the only reward they will ever get. but when you fast, comb your hair and wash your face. then no one will notice that you are fasting, except your father, who knows what you do in private. and your father, who sees everything, will reward you. “don’t store up treasures here on earth, where moths eat them and rust destroys them, and where thieves break in and steal. store your treasures in heaven, where moths and rust cannot destroy, and thieves do not break in and steal. wherever your treasure is, there the desires of your heart will also be. “your eye is like a lamp that provides light for your body. when your eye is healthy, your whole body is filled with light. but when your eye is unhealthy, your whole body is filled with . and if the light you think you have is actually , how deep that is! “no one can serve two masters. for you will hate one and love the other; you will be devoted to one and despise the other. you cannot serve god and be enslaved to money.', 'i was religious until i became just spiritual and learned more about the prophet yeshua...and his years traveling.thank you for sharing! there are great parts in the holy bible, however the holy bible is not fully accurate because it was created put together by constantine at the council of nicea) 📚 a more accurate historically book is the nag hamadi & the books within such as the book of thomas and the book of mary magdalene. also my personal fav on the of yeshua, is the gospel of the holy twelve. 🙏 😇yeshua learned about the 7 chakras in tibet india (he lived for over 10 years! this is documented by the dali lama) and healed others utilizing this knowledge. 🙏 😇 yeshua is in the spirit world heaven and is in the council and has access to the akashic records book of . you can align yourself wirh ascended master yeshua. he had a near death experience and awoke. but this does not prove his divinity because many humans have near death experiences...he did not want to be worshipped and always said follow his father god, not him. the bible was put together by constantine and other leaders from various religions at that time during the council of nicea. his father (and most of his army) worshipped mithras (born a virgin & crucified) his mother followed yeshua) thank you for your time in reading this. 🤝 there thanks for your time..here\'s more the name jesus is an english form derived from the greek name iēsous, which is a transliteration of the hebrew/aramaic name yeshua (or yehoshua). \u200bhistorically, jesus was a first-century jew from galilee, a member of the tribe of judah his specific lineage within the twelve tribes of israel. also, angels it what we call them but not what they are or do. they are messenger entities with a aura color and frequency. thre are no ""fallen"" angels because they have never lived a human and lived the human emotional experience. angel is what they do not what they are. angel means messenger. send your prayers for healing to 👼 arcangel michael who heals and deflects negativity with aqua green aura around the wings. 👼 arcangel gabriel is the angel of communication with deep skyblue aura. 👼 ask gabriel to call all th phylum of angels to help you. arcangel raphael is the angel of physical healing and has green tipped aura around the wings. cherubim are large with snowy white wings and have a singing ability and are the 3rd phylum of angels. seraphim have a vibrational frequency that healswith tones and soundsteam that alters dna in cells. and are the 4th phylum of angel messengers. you can allow angels to communicate with you. (in you thoughts & dreams) you must give an angel permission to communicate with you through your mind and dreams. the is in the asking when you ask be specific in the asking: angel_______i need your help with_____. i need you to heal_________. thank you. medidate to connect to your angel messengers. 💗 👼 😇 angel is what they do not what they are. angel means messenger. also learn about the 7 charkra circles of the body & use corresponding 7 crystals to energize each circle and your body aura , to heal yourself and others just like yeshua! • the human body aura is a concept referring to a subtle electromagnetic field that surrounds the body. it\'s often described as a colored emanation, to reflect a person\'s physical, emotional, and spiritual state. 1. what is it? 🤔 field: auras are considered a field of that surrounds the body, likened to a subtle body or an electromagnetic field. layers: ~ many believe auras have multiple layers, each associated with different aspects of a person\'s being (physical, emotional, mental, spiritual). 2. how it\'s seen 👀 color: auras are described in terms of color, with each color reflecting specific qualities or energies. chakras: ⛮ the aura is connected to the chakra centers within the body that are believed to influence health and well-being. 3. beliefs and practices: 📜 alternative medicine: in holistic practices, the aura is seen as a reflection of a person\'s health and overall state of being. aura reading: some practitioners claim to be able to see or read auras to gain insights into a person\'s personality, emotional state, and overall well-being. aura cleansing: some practices involve cleansing and balancing the aura to improve health and well-being. 4. scientific perspectives: 💡 there is increasingly more scientific evidence being found to support the existence of auras and the claims made by practitioners, such as: kirlean photography. 📸 researchers have found that auras are related to the body\'s electromagnetic field. 5. aura colors and meanings crown - viole white 3rd eye - indigo blue throat - blue heart - green solar plexus - yellow sacral - orange root - red 6. crystals are used to help open each chakra circle. make sure each crystal is flat no sharp points. set your intention and speak to your crystal. (you can use clear quartz crystal to magnify the crystal even greater) 1) root - red jasper or red ruby 2) sacral - carnelian crystal 3) solar plexus - orange calcite crystal 4) heart - green moss agate crystal or rose quartz crystal 5) throat - lapis lazuli crystal or aqua marine crystal 6) 3rd eye - iolite crystal 7) crown - amethyst crystal. 📚also: read the book: the gospel of the holy twelve. this book explains the of jesus (yeshua) from the age of 12 in jerusalem to age 30 where he travels to egypt to learn the mystic arts and to india to learn about the 7 chakra system and to tibet where he learned yoga, meditation and rieki. jesus (yeshua) always said: look to god, not him...he did not want to be deified or worshipped. his name is yeshua an ascended master in heaven. he was a real man who existed. he is in the council in the spirit world heaven. with access to the akashic records (book of ) his mother was mary and his earthly father was joseph. (his biological father was not of this world (complex origin story) he also had 4 brothers james, joses, simon, and judas. yeshua had a near death experience, (went to spirit world heaven and returned) and did not really rise from the dead. (very controversial and open to opinion) thank you for your time in reading this informative valuable knowledge. ⛯ remember created you for a purpose and reason! & created a spiritual road chart for you to follow and that is to be a light everywhere you go spreading knowledge and information! you were created to be a strong human. i took me many years to accumulate this knowledge shared to me through elders and knowledge keepers internationally that i share with all humans. be diligent you are a strong and sacred human. thank you for your time in reading this. 📚']"
10,157,10_black_white_they_police,"['black', 'white', 'they', 'police', 'and', 'the', 'to', 'people', 'reparations', 'in']","['the crazy thing with us police is that anyone that reports something suspicious like people selling drugs out of a suburban house or god forbid child abduction can warrant an immediately response from swat. if its child abduction or any sort of act that harms another person directly you want an immediately response. but something like ""i think my neighbours are selling drugs"" doesnt warrant an immediately response by swat. it warrants an investigation perhaps. find out who lives there, stake the place out, etc. but breaking down doors, damaging property including tampering with private cameras is a of ones rights. considering anyone could have just reported something they think is illegal but have no evidence for it. just suspicion. so if the police do decide to take a chance and break shit then they should be willing to pay a million dollar sum to the owner who had their shit broken. a small town like this prob couldnt afford such a large pay out.', ""here's the story as told by producer elite: the “ ” story is crazy. basically rented out a house in north carolina. it’s not for him; it’s like a safe haven/creative workspace for all the dreamville artists and producers. we call it the sheltuh, and of the album was recorded there.. it’s basically a studio in a basement, in the woods. it’s also in the suburbs of a pretty wealthy neighborhood in north carolina. so you have, predominately, african-americans coming in and out of this house. ubers coming, and every once in awhile you’ll see a group of us outside on the porch smoking weed. so the started getting real paranoid. apparently what happened was, we were all in austin, texas, for sxsw; thankfully no one was in the house when this went down. one of the told the police we were growing weed or selling drugs out of this house. and there was a huge investigation, like a million-dollar investigation. they flew helicopters over, sent an entire swat team armed with weapons, broke down the door and searched the whole house. thankfully was in the house. our engineer juro “mez” davis had just stepped out for lunch and he came back and saw the swat team busting down the door. they go downstairs and all they see is a studio, and obviously they felt stupid. it’s just crazy ironic because out of anybody, they picked the wrong person. is the last person to do anything like that. he’s out here doing extremely positive things for the community and for young artists. because of obvious racism from the , the police were called and a raid took place."", ""this is rocket man signing in it's time for reparations for the black jewish community it's time to silence the violence in our communities our black jewish communities it's time for us to put our reparations into the black jewish communities the black jewish communities needs reparations the black jewish community needs finances to build the communities to look better to build the communities to compensate the black jewish people in the communities it's time to sign the reparations bill for our black jewish children all black jewish babies it's time to stand up for reparations reparations with no strings attached it's time for the people to heal for the black jewish community to heal it's time for the black jewish man to be able to pay his own bills to be able to take care of his children without a woman i repeat without a woman in his if he chooses so same thing goes with a woman the black jewish people need to be able to make their own decisions with their reparations just like every other culture that got their reparations without having to fight for it they were given reparations with no problem it's time for reparations for the black community if i am vice president of the united states of america if i win the vice presidency of america in 2024 i will sign the reparations bill for every american for every american white black brown yellow green it doesn't matter what color you are everybody's going to get reparations but reparations will mainly go to black jewish people because black jewish people need to be able to heal in the communities and build a new wakanda in america it is time for reparations reparations is here reparations is now rocket man signing in 🚀🖕🏼""]"
11,151,11_listening_2026_2025_2024,"['listening', '2026', '2025', '2024', 'song', 'this', 'in', 'who', 'to', 'of']","[""who's listening in 2026?"", 'who listening in 2026', 'who is listening to it in 2025?']"
12,150,12_yeah_you_my_it,"['yeah', 'you', 'my', 'it', 'up', 'don', 'the', 'me', 'that', 'what']","[""you good, t-minus? niggas been countin' me out i'm countin' my bullets, i'm loadin' my clips i'm writin' down names, i'm makin' a list i'm checkin' it twice and i'm gettin' 'em hit the real ones been dyin', the fake ones is lit the game is off balance, i'm back on my shit the bentley is dirty, my sneakers is dirty but that's how i like it, you all on my dick i'm all in my bag, this hard as it get i do not snort powder, i might take a sip i might hit the blunt, but i'm liable to trip i ain't poppin' no pill, but you do as you wish i roll with some fiends, i love 'em to death i got a few mil' but not all of them rich what good is the bread if my niggas is broke? what good is first class if my niggas can't sit? that's my next mission, that's why i can't quit just like lebron, get my niggas more chips just put the rollie right back on my wrist this watch came from , he gave me a gift back when the rap game was prayin' i'd diss they act like two legends cannot coexist but i'd never beef with a nigga for nothin' if i smoke a rapper, it's gon' be legit it won't be for clout, it won't be for fame it won't be 'cause my shit ain't sellin' the same it won't be to sell you my latest lil' sneakers it won't be 'cause some nigga slid in my lane everything grows, it's destined to change i love you lil' niggas, i'm glad that you came i hope that you scrape every dollar you can i hope you know money won't erase the pain to the ogs, i'm thankin' you now was watchin' you when you was pavin' the ground i copied your cadence, i mirrored your style i studied the greats, i'm the greatest right now fuck if you feel me, you ain't got a choice i ain't do no promo, made all that noise this year gon' be different, i set my intentions i promise to slap all that hate out your voice niggas been countin' me out i'm countin' my bullets, i'm loadin' my clips i'm writin' down names, i'm makin' a list i'm checkin' it twice and i'm gettin' 'em hit the real ones been dyin', the fake ones is lit the game is off balance, i'm back on my shit the bentley is dirty, my sneakers is dirty but that's how i like it, you all on my dick i just poured somethin' in my cup i've been wantin' somethin' i can feel promise i am never lettin' up money in your palm don't make you real foot is on they neck, i got 'em stuck i'ma give 'em somethin' they can feel if it ain't 'bout the squad, don't give a fuck pistol in your hand don't make you real i'm dead in the middle of two generations i'm little bro and big bro all at once just left the lab with young i'm 'bout to go and meet jigga for lunch had a long talk with the young nigga kodak reminded me of young niggas from ville straight out the projects, no fakin', just honest i wish that he had more guidance, for real too many niggas in cycle of jail spending they birthdays inside of a cell we comin' from a long bloodline of trauma we raised by our mamas, lord, we gotta heal we hurtin' our sisters, the babies as well we killin' our brothers, they poisoned the well distorted self-image, we set up to fail i'ma make sure that the real gon' prevail, nigga i just poured somethin' in my cup i've been wantin' somethin' i can feel promise i am never lettin' up money in your palm don't make you real foot is on they neck, i got 'em stuck i'ma give 'em somethin' they can feel if it ain't 'bout the squad, don't give a fuck pistol in your hand don't make you real (money in your palm don't make you real) (pistol in your hand don't make you real) (money in your palm don't make you real)"", ""[intro] you good, t-minus? [refrain] niggas been countin' me out i’m countin' my bullets, i'm loadin’ my clips i'm writin' down names, i'm makin' a list i'm checkin' it twice and i'm gettin’ ’em hit the real ones been dyin', the fake ones is lit the game is off balance, i’m back on my shit the bentley is dirty, my sneakers is dirty but that's how i like it, you all on my dick [verse 1] i'm all in my bag, this hard as it get i do not snort powder, i might take a sip i might hit the blunt, but i'm liable to trip i ain’t poppin' no pill, but you do as you wish i roll with some fiends, i love 'em to death i got a few mil' but not all of them rich what good is the bread if my niggas is broke? what good is first class if my niggas can't sit? that's my next mission, that's why i can't quit just like lebron, get my niggas more chips just put the rollie right back on my wrist this watch came from , he gave me a gift back when the rap game was prayin' i'd diss they act like two legends cannot coexist but i'd never beef with a nigga for nothin' if i smoke a rapper, it's gon' be legit it won't be for clout, it won't be for fame it won't be 'cause my shit ain't sellin' the same it won't be to sell you my latest lil' sneakers it won't be 'cause some nigga slid in my lane everything grows, it's destined to change i love you lil' niggas, i'm glad that you came i hope that you scrape every dollar you can i hope you know money won't erase the pain to the ogs, i'm thankin' you now was watchin' you when you was pavin' the ground i copied your cadence, i mirrored your style i studied the greats, i'm the greatest right now fuck if you feel me, you ain't got a choice i ain't do no promo, made all that noise this year gon' be different, i set my intentions i promise to slap all that hate out your voice [refrain] niggas been countin' me out i'm countin' my bullets, i'm loadin' my clips i'm writin' down names, i'm makin' a list i'm checkin' it twice and i'm gettin' 'em hit the real ones been dyin', the fake ones is lit the game is off balance, i'm back on my shit the bentley is dirty, my sneakers is dirty but that's how i like it, you all on my dick [chorus] i just poured somethin' in my cup i've been wantin' somethin' i can feel promise i am never lettin' up money in your palm don't make you real foot is on they neck, i got 'em stuck i'ma give 'em somethin' they can feel if it ain't 'bout the squad, don't give a fuck pistol in your hand don't make you real [verse 2] i'm dead in the middle of two generations i'm little bro and big bro all at once just left the lab with young i'm 'bout to go and meet jigga for lunch had a long talk with the young nigga kodak reminded me of young niggas from 'ville straight out the projects, no fakin', just honest i wish that he had more guidance, for real too many niggas in cycle of jail spending they birthdays inside of a cell we coming from a long bloodline of trauma we raised by our mamas, lord, we gotta heal we hurting our sisters, the babies as well we killing our brothers, they poisoned the well distorted self-image, we set up to fail i'ma make sure that the real gon' prevail, nigga [chorus] i just poured somethin' in my cup i've been wantin' somethin' i can feel promise i am never lettin' up money in your palm don't make you real foot is on they neck, i got 'em stuck i'ma give 'em somethin' they can feel if it ain't 'bout the squad, don't give a fuck pistol in your hand don't make you real [outro] money in your palm don't make you real pistol in your hand don't make you real money in your palm don't make you real"", ""whoever want lyrics: you good, t-minus? niggas been countin' me out i'm countin' my bullets, i'm loadin' my clips i'm writin' down names, i'm makin' a list i'm checkin' it twice, and i'm gettin' 'em hit the real ones been dyin', the fake ones is lit the game is off balance, i'm back on my shit the bentley is dirty, my sneakers is dirty but that's how i like it, you all on my dick i'm all in my bag, this hard as it get i do not snort powder, i might take a sip i might hit the blunt, but i'm liable to trip i ain't poppin' no pill, but you do as you wish i roll with some fiends, i love 'em to death i got a few mil' but not all of them rich what good is the bread if my niggas is broke? what good is first class if my niggas can't sit? that's my next mission, that's why i can't quit just like lebron, get my niggas more chips just put the rollie right back on my wrist this watch came from , he gave me a gift back when the rap game was prayin' i'd diss they act like two legends cannot coexist but i'd never beef with a nigga for nothin' if i smoke a rapper, it's gon' be legit it won't be for clout, it won't be for fame it won't be 'cause my shit ain't sellin' the same it won't be to sell you my latest lil' sneakers it won't be 'cause some nigga slid in my lane everything grows, it's destined to change i love you lil' niggas, i'm glad that you came i hope that you scrape every dollar you can i hope you know money won't erase the pain to the ogs, i'm thankin' you now was watchin' you when you was pavin' the ground i copied your cadence, i mirrored your style i studied the greats, i'm the greatest right now fuck if you feel me, you ain't got a choice now i ain't do no promo, made all that noise this shit gon' be different, i set my intentions i promise to slap all that hate out your voice niggas been countin' me out i'm countin' my bullets, i'm loadin' my clips i'm writin' down names, i'm makin' a list i'm checkin' it twice, and i'm gettin' 'em hit the real ones been dyin', the fake ones is lit the game is off balance, i'm back on my shit the bentley is dirty, my sneakers is dirty but that's how i like it, you all on my dick i just poured somethin' in my cup i've been wantin' somethin' i can feel promise i am never lettin' up money in your palm don't make you real foot is on they neck, i got 'em stuck i'ma give 'em somethin' they can feel if it ain't 'bout the squad, don't give a fuck pistol in your hand don't make you real i'm dead in the middle of two generations i'm little bro and big bro all at once just left the lab with young i'm 'bout to go and meet jigga for lunch had a long talk with the young nigga kodak reminded me of young niggas from 'ville straight out the projects, no fakin', just honest i wish that he had more guidance, for real too many niggas in cycle of jail spending they birthdays inside of a cell we coming from a long bloodline of trauma we raised by our mamas, lord, we gotta heal we hurting our sisters, the babies as well we killing our brothers, they poisoned the well distorted self-image, we set up to fail i'ma make sure that the real gon' prevail, nigga i just poured somethin' in my cup i've been wantin' somethin' i can feel promise i am never lettin' up money in your palm don't make you real foot is on they neck, i got 'em stuck i'ma give 'em somethin' they can feel if it ain't 'bout the squad, don't give a fuck pistol in your hand don't make you real money in your palm don't make you real pistol in your hand don't make you real money in your palm don't make you real""]"
13,135,13_his_he_music_him,"['his', 'he', 'music', 'him', 'to', 'and', 'is', 'this', 'of', 'that']","['is a beast i’ll reflect know after 5 years and y’all haters listen to because he’s dope asf and switch to any genre he told you this back when he did la leakers …he said i’m a pop star kissing on the ring of a rock …can rap his ass off ,can sing his ass off ,can play guitar,play piano …he’s super versatile ,his flows are unmatched…like he told you in chip off the block yall riding his dick ….keep wrecking it kells ❤️🔥…click clack da 🔫….love el pistolero by the way tooooooo fire 🔥', ""don't know who is. looked up to watch a music video because people said he was a talented musician. didn't make it to the music or the video. only saw the name of the video, and some words written down on a screen. i don't want to judge but we are called to judge. i will not watch this video and have never heard his singing or read any of his lyrics glorifying god. this is 100% truth. i felt i should leave this here and let those who have ears to here, music is no different than falling a tree or building something from it."", ""this is hard for me to admit as an fan, speaking as an independent artist, here, unpopular opinion when said yeah there's a difference between you and me. i got all of my shit without dre producing me solidified that the beef was over at that point he did not need to respond to . that line stands on enough business on its own. let's talk facts here. before he signed with interscope his soundcloud was doing easily maybe 100,000 to 1,000,000 plays so he was doing numbers nowhere near what he is doing now but there's no argument that that means $100-$1000 per track if for assuming was independent at that time and using a distributor like distro kid and seen 90% royalties if we are assuming that he was signed to just soundcloud that makes it even harder because i believe they take 40% which, in a way solidifies the bar even more i understand it's two different era's of hip-hop arguably the 90s era when came out was less competition. you look at the game today when there's artists on soundcloud like vin jay luke gwane crypt ,masked wolf to name a few you gotta come with heat i would argue today's error to be solid and not a one-hit wonder or labeled as a mumble rapper is 10 to 20 times harder than it was back in the 90s era because of how high the bar has become""]"
14,127,14_fire_this_is_song,"['fire', 'this', 'is', 'song', 'shit', 'video', 'whiskey', 'bro', 'its', 'burn']","['🔥 🔥 🔥 fire', 'this is fire 🔥', 'this is fire 🔥']"
15,103,15_years_ago_year_already,"['years', 'ago', 'year', 'already', 'crazy', 'later', 'old', 'been', 'wtf', 'was']","['that was 6 years ago already 🙂', '4 years ago? 😂😂😂😂', '7 years ago 💀']"
16,94,16_thug_thugs_bone_thugga,"['thug', 'thugs', 'bone', 'thugga', 'harmony', 'this', 'was', 'he', 'the', 'gotit']","['best thug song ever', 'and thug where you at', 'best thug song ❤']"
17,84,17_years_song_old_this,"['years', 'song', 'old', 'this', '10', 'timeless', 'ago', 'been', 'flies', 'is']","['no fuckin way, for your eyes only came 7 years ago already, remember this song was like 4 years maybe 5, damn time flies by', 'can’t believe this song is six years old. i remember when this came out, making me feel so old', 'next year this song would be 10 years old....']"
18,80,18_views_million_only_should,"['views', 'million', 'only', 'should', 'at', 'this', 'crazy', 'more', 'be', '150']","['should have more views.', 'this should have more views!', 'here at 6 7 million views']"
19,80,19_vibes_vibe_90s_2000s,"['vibes', 'vibe', '90s', '2000s', 'love', '90', 'early', '2000', 'neptunes', 'this']","['2000s vibes right here!', '90s hip hop vibes', 'love the vibes on this one']"
20,80,20_freddie_benny_butcher_conway,"['freddie', 'benny', 'butcher', 'conway', 'tupac', 'and', 'is', 'on', 'top', 'griselda']","['freddie so underrated bro he so trill man, also after listening a few times benny flow cold but damn freddie took it to another level', 'freddie rap over my track', 'freddie, my day is better for this.']"
21,78,21_intro_end_part_song,"['intro', 'end', 'part', 'song', 'the', 'ending', 'what', 'beginning', 'at', 'is']","[""what's the sample on intro?"", ""what's the end song?"", 'what’s the song at the end???']"
22,75,22_stealthy_doing_helps_process,"['stealthy', 'doing', 'helps', 'process', 'feelings', '11', 'oloff', 'dread', 'existential', 'experiencing']","['doing it stealthy helps me to process my feelings about 9/11.', 'doing it stealthy helps me to process my feelings about 9/11.', 'doing it stealthy helps me to process my feelings about 9/11.']"
23,70,23_money_rich_you_hrr,"['money', 'rich', 'you', 'hrr', 'bought', 'hire', 'pay', 'to', 'away', 'cash']","['money on my mind', 'when a jew tells you we give away money, then @stevewilldoit and @shanestoffer are actually giving away money. the answer is no. i tracked and reached out to all those imaginary winners and giveaways but none confirmed they received the full giveaway money, i even did it with @nelkfilmz with their fake 10k giveaway. wake up', ""scared money don't make no money 😂""]"
24,69,24_goat_brian_the_is,"['goat', 'brian', 'the', 'is', 'ɟɟolo', 'ʇnoqɐ', 'ǝʞɐɯ', 'ʇᴉ', 'puɐ', 'ƃuos']","['the goat of the world', 'the goat is back', ""he's the goat 🇭🇹🎧""]"
25,66,25_21_old_20_was,"['21', 'old', '20', 'was', 'he', 'year', '80', '26', 'at', 'score']","['the real 21 is back 🔥🔥', '21 he’s the real one 🇿🇦', 'that old 21 🔪👿']"
26,60,26_we_chase_can_know,"['we', 'chase', 'can', 'know', 'die', 'take', 'the', 'any', 'limits', 'industry']","['""they know that we a problem together, they know that we can storm any weather"" this is straight fax!!', '“can’t take it when you die but you can’t live without it”', '""i see the only piece on the board that can\'t be contained."" then a woman walks in he room.... we know a men we feel like we rule the world but we know a woman can change our whole beings and lock us down doin things we never thought we would do.']"
27,58,27_banger_this_ozark_certified,"['banger', 'this', 'ozark', 'certified', 'daylyt', 'tho', 'is', 'bouncing', 'wrote', 'album']","['all time favorite banger', 'what a banger 🔥🧨', 'this is a banger']"
28,57,28_beef_bowl_beefing_bite,"['beef', 'bowl', 'beefing', 'bite', 'everyone', 'the', 'rap', 'beefs', 'they', 'lost']","['is a beef bowl?? that explains the disses (beef)😂', 'beef ? (2025 music)', ""the lyrics had nothing to do with , so as a japanese person, i made lyrics about . rap (verse 1) feeling hungry, heading to , one bowl of beef, filling up my stamina. tradition since 1899, the secret to the taste is in the sauce and meat combined. (chorus) beef bowl, beef bowl, 's beef bowl, warming the heart and body with this single dish. tender beef sitting on top of rice, a miracle in every bite that everyone loves. (verse 2) morning, noon, or night, it’s , 's beef bowl is ready to play. beef simmered with onions just right, one bite and everyone’s in for a repeat delight. (chorus) beef bowl, beef bowl, 's beef bowl, warming the heart and body with this single dish. tender beef sitting on top of rice, a miracle in every bite that everyone loves.""]"
29,57,29_diss_track_this_tracks,"['diss', 'track', 'this', 'tracks', 'dis', 'better', 'the', 'was', 'best', 'dissed']","['best diss track ever', 'had the best diss...', 'is that a diss ?']"
30,57,30_music_more_is_so,"['music', 'more', 'is', 'so', 'whaddup', 'spam', 'stop', 'emotion', 'your', 'good']","['who is here after music ?', ""this isn't the music we want.....it's the music we need !!! 🙌🙌🙌"", 'make more music !!']"
31,53,31_flow_flows_his_is,"['flow', 'flows', 'his', 'is', 'that', 'the', 'on', 'smooth', 'state', 'this']","['flow is on point 🔥', 'flow is sick 🔥🔥🔥🔥🔥🔥🔥🔥🔥🔥🔥', 'his flow different i like it']"
32,53,32_verse_second_the_heard,"['verse', 'second', 'the', 'heard', 'he', 'verses', 'first', 'is', 'in', 'ever']","[""skeptas verse is one of the best rap verses i've ever heard. it's super off kilter and subverts your expectations at every turn. the places he chooses to rhyme words at us makes the whole verse ride a fine line between good and bad. i think that's what true greatness is though. his verse is kind of like abstract art in a way. it's really like no other verse i've ever heard, and only becomes better with time."", ""the verse have, i'm love with it."", 'that first verse 🔥🔥🔥🔥🔥🔥🔥🔥']"
33,52,33_city_york_nyc_town,"['city', 'york', 'nyc', 'town', 'new', 'from', 'indiana', 'chicago', 'brooklyn', 'to']","['shout out to for this. 20+ yrs ago, scrap yard off canal street. montana paint. five points in brooklyn and fame city in bpt, ct. legal walls that no longer exist. guys like seen and . wildstyle, style wars, stockholm subway stories. what an era!!', ""gary indiana outside of chicago is a whole projects!!!! and i'm from new york city! that's a real hood gary indiana grimy!!!!!"", 'william said its over 12,000 usa if someone steals from me wife april krull vibe so get fed to wife 690 britton ave dayton ohio 45429 you know centerville education cost! get to memas house and pick me up no guns im ssdi u know you at 1,319 nigga want to eat 28 1,328 asking begging momma april krull here..get there thug wife voice mic...plus you']"
