video_id,key,song_name,artist_name,beef_id,track_category,release_date,collected_at,view_count,comment_count,like_count,channel_title,video_title
tvTRZJ-4EyI,b1_catalog_kendrick,HUMBLE.,Kendrick Lamar,b1,catalog,2017-03-30,2026-07-15T01:51:00.514146+00:00,1113288223,256895,9171837,KendrickLamarVEVO,Kendrick Lamar - HUMBLE.
xpVfcZ0ZcFM,b1_catalog_drake,God's Plan,Drake,b1,catalog,2018-02-17,2026-07-15T01:51:00.514146+00:00,1709001296,632635,16901419,DrakeVEVO,Drake - God's Plan
H58vbez_m4E,b1_beef_kendrick,Not Like Us,Kendrick Lamar,b1,beef,2024-07-04,2026-07-15T01:51:00.514146+00:00,485528376,382549,7597194,KendrickLamarVEVO,Kendrick Lamar - Not Like Us
HKH9p19PRLA,b1_beef_drake,Push Ups,Drake,b1,beef,2024-04-19,2026-07-15T01:51:00.514146+00:00,36126665,35004,415824,Drake - Topic,Push Ups
U8F5G5wR1mk,b1_post_kendrick,tv off,Kendrick Lamar,b1,post,2024-11-22,2026-07-15T01:51:00.514146+00:00,154506766,68004,1442062,Kendrick Lamar,Kendrick Lamar - tv off (Official Audio)
8ekJMC8OtGU,b1_post_drake,NOKIA,Drake,b1,post,2025-03-31,2026-07-15T01:51:00.514146+00:00,57481629,64172,780478,DrakeVEVO,Drake - NOKIA (Official Music Video)
DawrlSwHUiM,b2_catalog_pusha,Numbers on the Boards,Pusha T,b2,catalog,2013-05-09,2026-07-15T01:51:00.514146+00:00,12727978,8944,112918,PushaTVEVO,Pusha T - Numbers On The Boards (Explicit)
xpVfcZ0ZcFM,b2_catalog_drake,God's Plan,Drake,b2,catalog,2018-02-17,2026-07-15T01:51:00.514146+00:00,1709001296,632635,16901419,DrakeVEVO,Drake - God's Plan
bx1mzA873CM,b2_beef_pusha,The Story of Adidon,Pusha T,b2,beef,2023-11-16,2026-07-15T01:51:00.514146+00:00,667996,0,8732,Pusha - Topic,The Story Of Adidon
Qr_QLv1TPcY,b2_beef_drake,Duppy Freestyle,Drake,b2,beef,2018-05-25,2026-07-15T01:51:00.514146+00:00,20016650,28384,209096,OVO Sound,Drake - Duppy Freestyle (Official Audio)
HFrwm6oRYJg,b2_post_pusha,Diet Coke,Pusha T,b2,post,2022-02-08,2026-07-15T01:51:00.514146+00:00,24667447,18565,391634,PushaTVEVO,Pusha T - Diet Coke
xWggTb45brM,b2_post_drake,Toosie Slide,Drake,b2,post,2020-04-03,2026-07-15T01:51:00.514146+00:00,411236137,133817,4497563,DrakeVEVO,Drake - Toosie Slide (Official Music Video)
XbGs_qK2PQA,b4_catalog_eminem,Rap God,Eminem,b4,catalog,2013-11-27,2026-07-15T01:51:00.514146+00:00,1566403012,1302952,20649111,EminemVEVO,Eminem - Rap God (Explicit)
QpbQ4I3Eidg,b4_catalog_mgk,Bad Things (ft. Camila Cabello),MGK,b4,catalog,2016-12-01,2026-07-15T01:51:00.514146+00:00,543305170,114667,3983527,MGKVEVO,"Machine Gun Kelly, Camila Cabello - Bad Things (Official Music Video)"
FxQTY-W6GIo,b4_beef_eminem,Killshot,Eminem,b4,beef,2018-09-14,2026-07-15T01:51:00.514146+00:00,512886848,210040,6893046,EminemMusic,KILLSHOT [Official Audio]
4sNCyiyIc_8,b4_beef_mgk,Rap Devil,MGK,b4,beef,2018-09-03,2026-07-15T01:51:00.514146+00:00,16884702,86602,272960,mgk,Machine Gun Kelly - Rap Devil
RHQC4fAhcbU,b4_post_eminem,Darkness,Eminem,b4,post,2020-01-17,2026-07-15T01:51:00.514146+00:00,66169255,120700,1941351,EminemVEVO,Eminem - Darkness (Official Video)
wSdT-SArM2Q,b4_post_mgk,Bloody Valentine,MGK,b4,post,2020-05-20,2026-07-15T01:51:00.514146+00:00,149308609,72236,1369184,MGKVEVO,Machine Gun Kelly - Bloody Valentine [Official Video]
1Vf4mMCpNY0,b5_catalog_wayne,A Milli,Lil Wayne,b5,catalog,2022-02-18,2026-07-15T01:51:00.514146+00:00,92909911,15986,827853,LilWayneVEVO,Lil Wayne - A Milli
DALvNCbgcKg,b5_catalog_birdman,Fire Flame,Birdman,b5,catalog,2010-11-23,2026-07-15T01:51:00.514146+00:00,25920957,10975,113368,BirdmanVEVO,Birdman - Fire Flame (Official Music Video)
_y_Xpps46Uc,b5_beef_wayne,CoCo,Lil Wayne,b5,beef,2015-03-18,2026-07-15T01:51:00.514146+00:00,34214749,10315,271297,Lil Wayne,Lil Wayne - CoCo Freestyle #SFTW2
tF0X2c8HPN8,b5_post_wayne,Uproar,Lil Wayne,b5,post,2024-09-30,2026-07-15T01:51:00.514146+00:00,2837136,1703,49253,LilWayneVEVO,Lil Wayne - Uproar ft. Swizz Beatz
EOxj2ROIxok,b6_catalog_megan,Savage,Megan Thee Stallion,b6,catalog,2020-04-06,2026-07-15T01:51:00.514146+00:00,120314350,16109,1059271,Megan Thee Stallion,Megan Thee Stallion - Savage [Lyric Video]
j5uAR9w7LBg,b6_catalog_nicki,Super Freaky Girl,Nicki Minaj,b6,catalog,2022-09-01,2026-07-15T01:51:00.514146+00:00,60501893,72476,1304691,NickiMinajAtVEVO,Nicki Minaj - Super Freaky Girl (Official Music Video)
XVgCLQ_JQfU,b6_beef_megan,HISS,Megan Thee Stallion,b6,beef,2024-01-26,2026-07-15T01:51:00.514146+00:00,52610925,67866,1049168,Megan Thee Stallion,Megan Thee Stallion - HISS [Official Video]
vKkoBUPav3s,b6_beef_nicki,Big Foot,Nicki Minaj,b6,beef,2024-01-29,2026-07-15T01:51:00.514146+00:00,9997412,87811,219065,Nicki Minaj,Nicki Minaj - Big Foot (Official Audio)
TKQY2ZlIEjY,b6_post_megan,BOA,Megan Thee Stallion,b6,post,2024-05-10,2026-07-15T01:51:00.514146+00:00,21085844,21105,520662,Megan Thee Stallion,Megan Thee Stallion - BOA [Official Video]
rV7zBXq5JsY,b6_post_nicki,FTCU (SLEEZEMIX),Nicki Minaj,b6,post,2024-04-19,2026-07-15T01:51:00.514146+00:00,4272801,9503,117597,Nicki Minaj,"Nicki Minaj - FTCU (SLEEZEMIX) ft. Travis Scott, Chris Brown & Sexyy Red"
HfWLgELllZs,b1_post_kendrick_02,luther,Kendrick Lamar,b1,post,2024-11-22,2026-07-15T01:51:00.514146+00:00,176565068,23306,1158507,Kendrick Lamar,Kendrick Lamar - luther (Official Audio)
fuV4yQWdn_4,b1_post_kendrick_03,squabble up,Kendrick Lamar,b1,post,2024-11-25,2026-07-15T01:51:00.514146+00:00,76231780,61877,1373167,Kendrick Lamar,squabble up
cbHkzwa0QmM,b1_post_kendrick_04,peekaboo,Kendrick Lamar,b1,post,2024-11-22,2026-07-15T01:51:00.514146+00:00,56885633,20671,565498,Kendrick Lamar,Kendrick Lamar - peekaboo (Official Audio)
YwUQ_5iV9pY,b1_post_kendrick_05,wacced out murals,Kendrick Lamar,b1,post,2024-11-22,2026-07-15T01:51:00.514146+00:00,34030579,27890,441045,Kendrick Lamar,Kendrick Lamar - wacced out murals (Official Audio)
SD4yRDY9mek,b1_post_drake_02,Janice STFU,Drake,b1,post,2026-05-15,2026-07-15T01:51:00.514146+00:00,43578955,34360,486741,DrakeVEVO,Drake - Janice STFU
MoR47PedfaU,b1_post_drake_03,shabang,Drake,b1,post,2026-05-16,2026-07-15T01:51:00.514146+00:00,16762192,9348,181946,DrakeVEVO,Drake - shabang
ESRCdJHbvnU,b1_post_drake_04,2 Hard 4 The Radio,Drake,b1,post,2026-05-16,2026-07-15T01:51:00.514146+00:00,9570779,11480,143607,DrakeVEVO,Drake - 2 Hard 4 The Radio
Z8wKeg_nRVI,b1_post_drake_05,B's On The Table,Drake,b1,post,2026-05-16,2026-07-15T01:51:00.514146+00:00,7769832,4853,101162,DrakeVEVO,"Drake, 21 Savage - B’s On The Table"
sF5IU-Pyn2A,b2_post_pusha_02,Puppets (Succession Remix),Pusha T,b2,post,2019-10-11,2026-07-15T01:51:00.514146+00:00,951617,717,16814,PushaTVEVO,"Pusha T, Nicholas Britell - Puppets (Succession Remix - Official Audio)"
9bx_r7H7eF8,b2_post_pusha_03,Coming Home ft. Ms. Lauryn Hill,Pusha T,b2,post,2019-08-28,2026-07-15T01:51:00.514146+00:00,3403526,3802,56146,PushaTVEVO,Pusha T - Coming Home ft. Ms. Lauryn Hill (Official Audio)
xq3eNq43C-0,b2_post_pusha_04,Sociopath ft. Kash Doll,Pusha T,b2,post,2019-08-28,2026-07-15T01:51:00.514146+00:00,458023,603,9276,PushaTVEVO,Pusha T - Sociopath ft. Kash Doll (Official Audio)
JFm7YDVlqnI,b2_post_drake_02,Laugh Now Cry Later ft. Lil Durk,Drake,b2,post,2020-08-14,2026-07-15T01:51:00.514146+00:00,585766734,150566,4602705,DrakeVEVO,Drake - Laugh Now Cry Later (Official Music Video) ft. Lil Durk
lJTRVX9R5EA,b2_post_drake_03,Nonstop,Drake,b2,post,2018-08-04,2026-07-15T01:51:00.514146+00:00,124270903,31146,1219815,DrakeVEVO,Drake - Nonstop
V7UgPHjN9qE,b2_post_drake_04,Jimmy Cooks ft. 21 Savage,Drake,b2,post,2022-06-17,2026-07-15T01:51:00.514146+00:00,123759579,14661,928345,DrakeVEVO,Drake - Jimmy Cooks (Audio) ft. 21 Savage
vX9msKu75qs,b2_post_drake_05,"Way 2 Sexy ft. Future, Young Thug",Drake,b2,post,2021-09-03,2026-07-15T01:51:00.514146+00:00,111340671,49907,1327070,DrakeVEVO,Drake ft. Future and Young Thug - Way 2 Sexy (Official Video)
3qFvCPmee8U,b4_post_eminem_02,Godzilla ft. Juice WRLD,Eminem,b4,post,2020-03-04,2026-07-15T01:51:00.514146+00:00,66950042,45454,1457792,EminemVEVO,Eminem - Godzilla (Lyric Video) ft. Juice WRLD
FVeZcM6tBQU,b4_post_eminem_03,"Killer (Remix) ft. Jack Harlow, Cordae",Eminem,b4,post,2021-05-28,2026-07-15T01:51:00.514146+00:00,33660694,35310,647582,EminemVEVO,"Eminem - Killer (Remix) [Official Audio] ft. Jack Harlow, Cordae"
RjrA-slMoZ4,b4_post_eminem_04,From The D 2 The LBC,Eminem,b4,post,2022-06-24,2026-07-15T01:51:00.514146+00:00,120060672,101985,2739316,EminemVEVO,Eminem & Snoop Dogg - From The D 2 The LBC [Official Music Video]
X-TkrWpO75k,b4_post_eminem_05,Good Guy ft. Jessie Reyez,Eminem,b4,post,2018-12-07,2026-07-15T01:51:00.514146+00:00,56224134,48805,1041784,EminemVEVO,Eminem - Good Guy (Official Music Video) ft. Jessie Reyez
J_n01uvyhI8,b4_post_mgk_02,my ex's best friend ft. blackbear,MGK,b4,post,2020-08-26,2026-07-15T01:51:00.514146+00:00,149011716,35592,1221785,MGKVEVO,Machine Gun Kelly ft. blackbear - my ex's best friend (Official Music Video)
wK-8TCDrbV8,b4_post_mgk_03,I Think I'm OKAY,MGK,b4,post,2019-06-13,2026-07-15T01:51:00.514146+00:00,144413936,49790,1317415,MGKVEVO,Machine Gun Kelly - I Think I'm OKAY [Official Music Video]
z7kYa5GQYKg,b4_post_mgk_04,Candy ft. Trippie Redd,MGK,b4,post,2019-07-09,2026-07-15T01:51:00.514146+00:00,100796432,44935,1242932,MGKVEVO,"Machine Gun Kelly, Trippie Redd - Candy (Official Music Video)"
0tn6nWYNK3Q,b4_post_mgk_05,forget me too ft. Halsey,MGK,b4,post,2020-10-22,2026-07-15T01:51:00.514146+00:00,95887598,31334,940632,MGKVEVO,Machine Gun Kelly ft. Halsey - forget me too (Official Music Video)
t61T0Wu7slg,b5_post_wayne_02,Don't Cry ft. XXXTENTACION,Lil Wayne,b5,post,2024-10-02,2026-07-15T01:51:00.514146+00:00,9848149,12332,355172,LilWayneVEVO,Lil Wayne - Don't Cry ft. XXXTENTACION
MGb5VUeartE,b5_post_wayne_03,Peanuts 2 N Elephants,Lil Wayne,b5,post,2025-06-06,2026-07-15T01:51:00.514146+00:00,1405348,6246,18554,LilWayneVEVO,Lil Wayne - Peanuts 2 N Elephants (Visualizer)
Qlr1llwBQt8,b5_post_wayne_04,Big Worm,Lil Wayne,b5,post,2024-09-30,2026-07-15T01:51:00.514146+00:00,1177777,3136,40887,LilWayneVEVO,Lil Wayne - Big Worm
7DoEYRPiEjo,b5_post_wayne_05,Bells (Visualizer),Lil Wayne,b5,post,2025-06-06,2026-07-15T01:51:00.514146+00:00,2431353,4370,39938,LilWayneVEVO,Lil Wayne - Bells (Visualizer)
8LJqoRMyFSo,b5_post_birdman_02,Cap Talk ft. YoungBoy Never Broke Again,Birdman,b5,post,2019-04-26,2026-07-15T01:51:00.514146+00:00,31013429,9690,318351,BirdmanVEVO,Birdman - Cap Talk ft. YoungBoy Never Broke Again
b3S0N20zxCU,b5_post_birdman_03,Just Another Gangsta ft. Juvenile,Birdman,b5,post,2019-02-22,2026-07-15T01:51:00.514146+00:00,18229896,14165,210091,BirdmanVEVO,"Birdman, Juvenile - Just Another Gangsta"
49Ggx4ZafL8,b5_post_birdman_04,"Ride Dat ft. Juvenile, Lil Wayne",Birdman,b5,post,2019-09-13,2026-07-15T01:51:00.514146+00:00,5044126,6069,90914,BirdmanVEVO,"Birdman, Juvenile - Ride Dat ft. Lil Wayne"
a78G2OPKuD8,b5_post_birdman_05,"STUNNAMAN ft. Roddy Ricch, Lil Wayne",Birdman,b5,post,2021-05-21,2026-07-15T01:51:00.514146+00:00,10535452,9390,189159,BirdmanVEVO,"Birdman, Roddy Ricch, Lil Wayne - STUNNAMAN (Official Video)"
OdxSbc0ap-s,b6_post_megan_02,Mamushi ft. Yuki Chiba,Megan Thee Stallion,b6,post,2024-08-09,2026-07-15T01:51:00.514146+00:00,101052544,46380,1745877,Megan Thee Stallion,Megan Thee Stallion - Mamushi (feat. Yuki Chiba) [Official Video]
TpYTyAaTRts,b6_post_megan_03,Neva Play ft. RM,Megan Thee Stallion,b6,post,2024-09-06,2026-07-15T01:51:00.514146+00:00,55264392,93950,1736305,Megan Thee Stallion,Megan Thee Stallion - Neva Play (feat. RM) [Official Video]
QxTkZTLWdo4,b6_post_megan_04,Bigger In Texas,Megan Thee Stallion,b6,post,2024-10-25,2026-07-15T01:51:00.514146+00:00,30461111,17737,371678,Megan Thee Stallion,Megan Thee Stallion - Bigger In Texas [Official Video]
OBfCeimLNvQ,b6_post_nicki_02,Arctic Tundra ft. Juice WRLD,Nicki Minaj,b6,post,2024-11-22,2026-07-15T01:51:00.514146+00:00,2151370,7772,73245,NickiMinajAtVEVO,Nicki Minaj - Arctic Tundra (Visualizer) ft. Juice WRLD
p7wJgqeD7wI,b6_post_nicki_03,"If It's Okay ft. David Guetta, Davido",Nicki Minaj,b6,post,2024-11-22,2026-07-15T01:51:00.514146+00:00,1652232,3991,51252,NickiMinajAtVEVO,"Nicki Minaj - If It's Okay (Visualizer) ft. David Guetta, Davido"
zI383uEwA6Q,b1_catalog_kendrick_02,N95,Kendrick Lamar,b1,catalog,2022-05-14,2026-07-15T01:51:00.514146+00:00,109413575,59316,1838681,KendrickLamarVEVO,Kendrick Lamar - N95
6nTcdw7bVdc,b1_catalog_kendrick_03,Count Me Out (Official Audio),Kendrick Lamar,b1,catalog,2022-05-13,2026-07-15T01:51:00.514146+00:00,55235072,10998,541838,Kendrick Lamar,Kendrick Lamar - Count Me Out (Official Audio)
toBTPGfurLc,b1_catalog_kendrick_04,Rich Spirit,Kendrick Lamar,b1,catalog,2022-11-16,2026-07-15T01:51:00.514146+00:00,54628809,24422,854228,Kendrick Lamar,Kendrick Lamar - Rich Spirit
Lx3MGrafykU,b1_catalog_kendrick_05,Die Hard ft. Blxst & Amanda Reifer,Kendrick Lamar,b1,catalog,2022-05-13,2026-07-15T01:51:00.514146+00:00,36071981,8761,373783,Kendrick Lamar,Kendrick Lamar - Die Hard ft. Blxst & Amanda Reifer (Official Audio)
THVbtGqEO1o,b1_catalog_drake_02,Fair Trade ft. Travis Scott,Drake,b1,catalog,2021-09-03,2026-07-15T01:51:00.514146+00:00,143791003,18423,1019355,DrakeVEVO,Drake - Fair Trade (Audio) ft. Travis Scott
XqpQpt_cmhE,b1_catalog_drake_03,"Knife Talk ft. 21 Savage, Project Pat",Drake,b1,catalog,2021-11-05,2026-07-15T01:51:00.514146+00:00,128815659,30564,1102106,DrakeVEVO,"Drake - Knife Talk (Official Video) ft. 21 Savage, Project Pat"
V7UgPHjN9qE,b1_catalog_drake_04,Jimmy Cooks ft. 21 Savage,Drake,b1,catalog,2022-06-17,2026-07-15T01:51:00.514146+00:00,123759579,14661,928345,DrakeVEVO,Drake - Jimmy Cooks (Audio) ft. 21 Savage
vX9msKu75qs,b1_catalog_drake_05,"Way 2 Sexy ft. Future, Young Thug",Drake,b1,catalog,2021-09-03,2026-07-15T01:51:00.514146+00:00,111340671,49907,1327070,DrakeVEVO,Drake ft. Future and Young Thug - Way 2 Sexy (Official Video)
R0NpahenvAg,b2_catalog_pusha_02,"M.P.A. ft. Kanye West, A$AP Rocky, The-Dream",Pusha T,b2,catalog,2016-01-01,2026-07-15T01:51:00.514146+00:00,12080483,3046,119434,PushaTVEVO,"Pusha T - M.P.A. (Explicit) ft. Kanye West, A$AP ROCKY, The-Dream"
NPI_6MX74j4,b2_catalog_pusha_03,Untouchable,Pusha T,b2,catalog,2015-11-20,2026-07-15T01:51:00.514146+00:00,9293640,3763,104566,PushaTVEVO,Pusha T - Untouchable (Explicit Official Video)
crCFDQyfORM,b2_catalog_pusha_04,"Crutches, Crosses, Caskets",Pusha T,b2,catalog,2015-12-14,2026-07-15T01:51:00.514146+00:00,2211523,1420,24882,PushaTVEVO,"Pusha T - Crutches, Crosses, Caskets (Explicit Official Video)"
tPp7dNDe00U,b2_catalog_pusha_05,Drug Dealers Anonymous,Pusha T,b2,catalog,2016-06-28,2026-07-15T01:51:00.514146+00:00,1618475,868,16969,PushaTVEVO,Pusha T - Drug Dealers Anonymous (Audio)
uxpDa-c-4Mc,b2_catalog_drake_02,Hotline Bling,Drake,b2,catalog,2015-10-26,2026-07-15T01:51:00.514146+00:00,2143042134,459920,11570206,DrakeVEVO,Drake - Hotline Bling
7LnBvuzjpr4,b2_catalog_drake_03,Energy,Drake,b2,catalog,2015-08-18,2026-07-15T01:51:00.514146+00:00,372658218,51059,2435249,DrakeVEVO,Drake - Energy
vcer12OFU2g,b2_catalog_drake_04,One Dance (Live On SNL),Drake,b2,catalog,2016-05-15,2026-07-15T01:51:00.514146+00:00,29700237,16603,267592,DrakeVEVO,"Drake - One Dance (Live On SNL) ft. Wizkid, Kyla"
oeCihv9A3ac,b4_catalog_eminem_02,Phenomenal,Eminem,b4,catalog,2015-10-01,2026-07-15T01:51:00.514146+00:00,50490060,46648,794501,EminemVEVO,Eminem - Phenomenal
_Ci6LhAmYJk,b4_catalog_eminem_03,Infinite (F.B.T. Remix),Eminem,b4,catalog,2016-11-18,2026-07-15T01:51:00.514146+00:00,14308819,21554,294971,EminemVEVO,Eminem - Infinite (F.B.T. Remix) [Official Audio]
tgvbhxb9yk8,b4_catalog_mgk_02,At My Best ft. Hailee Steinfeld,MGK,b4,catalog,2017-04-21,2026-07-15T01:51:00.514146+00:00,78526447,15537,795750,MGKVEVO,Machine Gun Kelly - At My Best ft. Hailee Steinfeld (Official Music Video)
BuSBo8AVpV0,b4_catalog_mgk_03,Young Man ft. Chief Keef,MGK,b4,catalog,2016-09-22,2026-07-15T01:51:00.514146+00:00,59387704,14186,478136,MGKVEVO,Machine Gun Kelly - Young Man ft. Chief Keef (Official Music Video)
X5-sg1SnDAM,b4_catalog_mgk_04,Alpha Omega,MGK,b4,catalog,2016-02-26,2026-07-15T01:51:00.514146+00:00,59076105,18681,483355,MGKVEVO,Machine Gun Kelly - Alpha Omega (Official Music Video)
BKywT1BQW_M,b4_catalog_mgk_05,"Trap Paris ft. Quavo, Ty Dolla $ign",MGK,b4,catalog,2017-06-07,2026-07-15T01:51:00.514146+00:00,43018146,10285,459736,MGKVEVO,"Machine Gun Kelly - Trap Paris ft. Quavo, Ty Dolla $ign (Official Music Video)"
OZLUa8JUR18,b5_catalog_wayne_02,Mirror ft. Bruno Mars,Lil Wayne,b5,catalog,2012-01-31,2026-07-15T01:51:00.514146+00:00,974391781,314049,5890197,LilWayneVEVO,Lil Wayne - Mirror ft. Bruno Mars (Official Music Video) ft. Bruno Mars
KY44zvhWhp4,b5_catalog_wayne_03,"Love Me ft. Drake, Future",Lil Wayne,b5,catalog,2013-02-15,2026-07-15T01:51:00.514146+00:00,660685966,127157,3976088,LilWayneVEVO,"Lil Wayne - Love Me (Explicit Version/Closed Captioned) ft. Drake, Future"
5z25pGEGBM4,b5_catalog_wayne_04,No Worries ft. Detail,Lil Wayne,b5,catalog,2012-11-28,2026-07-15T01:51:00.514146+00:00,83629894,33810,514085,LilWayneVEVO,Lil Wayne - No Worries ft. Detail (Explicit) ft. Detail
_Nb4EHY_2bI,b5_catalog_wayne_05,God Bless Amerika,Lil Wayne,b5,catalog,2013-07-17,2026-07-15T01:51:00.514146+00:00,73094465,45533,505830,LilWayneVEVO,Lil Wayne - God Bless Amerika (Official Music Video)
6ImFf__U6io,b5_catalog_birdman_02,"Dark Shades ft. Lil Wayne, Mack Maine",Birdman,b5,catalog,2012-05-25,2026-07-15T01:51:00.514146+00:00,12794163,7653,80797,BirdmanVEVO,"Birdman - Dark Shades (Explicit) ft. Lil Wayne, Mack Maine"
DTmwGXP2c6Q,b5_catalog_birdman_03,Born Stunna (Explicit Version),Birdman,b5,catalog,2012-06-11,2026-07-15T01:51:00.514146+00:00,12183101,6119,61129,BirdmanVEVO,Birdman - Born Stunna (Explicit Version) ft. Rick Ross
6cOjnTHQLGM,b5_catalog_birdman_04,"Shout Out ft. Gudda Gudda, French Montana",Birdman,b5,catalog,2013-01-18,2026-07-15T01:51:00.514146+00:00,8201195,3233,42077,BirdmanVEVO,"Birdman - Shout Out ft. Gudda Gudda, French Montana"
kFHQzwNMo_Q,b5_catalog_birdman_05,Born Stunna ft. Rick Ross,Birdman,b5,catalog,2012-06-11,2026-07-15T01:51:00.514146+00:00,6316312,1645,23044,BirdmanVEVO,Birdman - Born Stunna ft. Rick Ross
AqaQsL-8I_M,b6_catalog_megan_02,Cry Baby ft. DaBaby,Megan Thee Stallion,b6,catalog,2021-02-04,2026-07-15T01:51:00.514146+00:00,152831375,46044,1769155,Megan Thee Stallion,Megan Thee Stallion - Cry Baby (feat. DaBaby) [Official Video]
K7JrX7PHGBE,b6_catalog_megan_03,Sweetest Pie (with Dua Lipa),Megan Thee Stallion,b6,catalog,2022-03-11,2026-07-15T01:51:00.514146+00:00,97964360,37409,1291399,Megan Thee Stallion,Megan Thee Stallion & Dua Lipa - Sweetest Pie [Official Video]
KynkMn5Hv3Q,b6_catalog_megan_04,Thot Shit,Megan Thee Stallion,b6,catalog,2021-06-11,2026-07-15T01:51:00.514146+00:00,79188914,52571,1380756,Megan Thee Stallion,Megan Thee Stallion - Thot Shit [Official Video]
qQuQ8zDxGh0,b6_catalog_megan_05,Plan B,Megan Thee Stallion,b6,catalog,2022-06-02,2026-07-15T01:51:00.514146+00:00,34680855,18458,577350,Megan Thee Stallion,Megan Thee Stallion - Plan B [Official Video]
yrGR11TDRYM,b6_catalog_nicki_02,Do We Have A Problem? ft. Lil Baby,Nicki Minaj,b6,catalog,2022-02-04,2026-07-15T01:51:00.514146+00:00,40681292,75780,988600,NickiMinajAtVEVO,Nicki Minaj ft. Lil Baby - Do We Have A Problem? (Official Music Video)
_Q7rcUm0Dro,b6_catalog_nicki_03,"Seeing Green ft. Drake, Lil Wayne",Nicki Minaj,b6,catalog,2021-05-14,2026-07-15T01:51:00.514146+00:00,35401590,45844,550673,NickiMinajAtVEVO,"Nicki Minaj, Drake, Lil Wayne - Seeing Green (Official Audio)"
O-M1ITkiptg,b6_catalog_nicki_04,Bussin ft. Lil Baby,Nicki Minaj,b6,catalog,2022-02-11,2026-07-15T01:51:00.514146+00:00,13641167,19722,292735,NickiMinajAtVEVO,"Nicki Minaj, Lil Baby - Bussin (Official Audio)"
9zRe5wnqSi4,b6_catalog_nicki_05,Itty Bitty Piggy,Nicki Minaj,b6,catalog,2021-05-14,2026-07-15T01:51:00.514146+00:00,12492741,8018,214660,NickiMinajAtVEVO,Nicki Minaj - Itty Bitty Piggy (Official Audio)
