video_id,key,song_name,artist_name,beef_id,track_category,release_date,collected_at,view_count,comment_count,like_count,channel_title,video_title,artist_side,release_date_dt,collected_at_dt,days_since_release,view_efficiency,like_efficiency,win_loss_side,verdict,outcome_type
H58vbez_m4E,b1_beef_kendrick,Not Like Us,Kendrick Lamar,b1,beef,2024-07-04,2026-07-15T01:51:00.514146+00:00,485528376,382549,7597194,KendrickLamarVEVO,Kendrick Lamar - Not Like Us,kendrick,2024-07-04,2026-07-15,741,655233.975708502,10252.623481781377,winner,clear,rap_battle
HKH9p19PRLA,b1_beef_drake,Push Ups,Drake,b1,beef,2024-04-19,2026-07-15T01:51:00.514146+00:00,36126665,35004,415824,Drake - Topic,Push Ups,drake,2024-04-19,2026-07-15,817,44218.68421052631,508.9645042839657,loser,clear,rap_battle
U8F5G5wR1mk,b1_post_kendrick,tv off,Kendrick Lamar,b1,post,2024-11-22,2026-07-15T01:51:00.514146+00:00,154506766,68004,1442062,Kendrick Lamar,Kendrick Lamar - tv off (Official Audio),kendrick,2024-11-22,2026-07-15,600,257511.27666666667,2403.4366666666665,winner,clear,rap_battle
8ekJMC8OtGU,b1_post_drake,NOKIA,Drake,b1,post,2025-03-31,2026-07-15T01:51:00.514146+00:00,57481629,64172,780478,DrakeVEVO,Drake - NOKIA (Official Music Video),drake,2025-03-31,2026-07-15,471,122041.67515923567,1657.0658174097664,loser,clear,rap_battle
bx1mzA873CM,b2_beef_pusha,The Story of Adidon,Pusha T,b2,beef,2023-11-16,2026-07-15T01:51:00.514146+00:00,667996,0,8732,Pusha - Topic,The Story Of Adidon,pusha,2023-11-16,2026-07-15,972,687.238683127572,8.983539094650206,winner,clear,rap_battle
Qr_QLv1TPcY,b2_beef_drake,Duppy Freestyle,Drake,b2,beef,2018-05-25,2026-07-15T01:51:00.514146+00:00,20016650,28384,209096,OVO Sound,Drake - Duppy Freestyle (Official Audio),drake,2018-05-25,2026-07-15,2973,6732.811974436596,70.33165153044064,loser,clear,rap_battle
HFrwm6oRYJg,b2_post_pusha,Diet Coke,Pusha T,b2,post,2022-02-08,2026-07-15T01:51:00.514146+00:00,24667447,18565,391634,PushaTVEVO,Pusha T - Diet Coke,pusha,2022-02-08,2026-07-15,1618,15245.640914709518,242.04820766378245,winner,clear,rap_battle
xWggTb45brM,b2_post_drake,Toosie Slide,Drake,b2,post,2020-04-03,2026-07-15T01:51:00.514146+00:00,411236137,133817,4497563,DrakeVEVO,Drake - Toosie Slide (Official Music Video),drake,2020-04-03,2026-07-15,2294,179265.97079337403,1960.5767218831736,loser,clear,rap_battle
FxQTY-W6GIo,b4_beef_eminem,Killshot,Eminem,b4,beef,2018-09-14,2026-07-15T01:51:00.514146+00:00,512886848,210040,6893046,EminemMusic,KILLSHOT [Official Audio],eminem,2018-09-14,2026-07-15,2861,179268.3844809507,2409.3135267389025,winner,clear,rap_battle
4sNCyiyIc_8,b4_beef_mgk,Rap Devil,MGK,b4,beef,2018-09-03,2026-07-15T01:51:00.514146+00:00,16884702,86602,272960,mgk,Machine Gun Kelly - Rap Devil,mgk,2018-09-03,2026-07-15,2872,5879.0745125348185,95.041782729805,loser,clear,rap_battle
RHQC4fAhcbU,b4_post_eminem,Darkness,Eminem,b4,post,2020-01-17,2026-07-15T01:51:00.514146+00:00,66169255,120700,1941351,EminemVEVO,Eminem - Darkness (Official Video),eminem,2020-01-17,2026-07-15,2371,27907.741459299872,818.7899620413327,winner,clear,rap_battle
wSdT-SArM2Q,b4_post_mgk,Bloody Valentine,MGK,b4,post,2020-05-20,2026-07-15T01:51:00.514146+00:00,149308609,72236,1369184,MGKVEVO,Machine Gun Kelly - Bloody Valentine [Official Video],mgk,2020-05-20,2026-07-15,2247,66447.97908322208,609.3386737872719,loser,clear,rap_battle
_y_Xpps46Uc,b5_beef_wayne,CoCo,Lil Wayne,b5,beef,2015-03-18,2026-07-15T01:51:00.514146+00:00,34214749,10315,271297,Lil Wayne,Lil Wayne - CoCo Freestyle #SFTW2,wayne,2015-03-18,2026-07-15,4137,8270.425187333816,65.57819676093787,winner,clear,legal
tF0X2c8HPN8,b5_post_wayne,Uproar,Lil Wayne,b5,post,2024-09-30,2026-07-15T01:51:00.514146+00:00,2837136,1703,49253,LilWayneVEVO,Lil Wayne - Uproar ft. Swizz Beatz,wayne,2024-09-30,2026-07-15,653,4344.771822358346,75.42572741194488,winner,clear,legal
XVgCLQ_JQfU,b6_beef_megan,HISS,Megan Thee Stallion,b6,beef,2024-01-26,2026-07-15T01:51:00.514146+00:00,52610925,67866,1049168,Megan Thee Stallion,Megan Thee Stallion - HISS [Official Video],megan,2024-01-26,2026-07-15,901,58391.703662597116,1164.4483906770256,winner,disputed,rap_battle
vKkoBUPav3s,b6_beef_nicki,Big Foot,Nicki Minaj,b6,beef,2024-01-29,2026-07-15T01:51:00.514146+00:00,9997412,87811,219065,Nicki Minaj,Nicki Minaj - Big Foot (Official Audio),nicki,2024-01-29,2026-07-15,898,11132.975501113586,243.9476614699332,loser,disputed,rap_battle
TKQY2ZlIEjY,b6_post_megan,BOA,Megan Thee Stallion,b6,post,2024-05-10,2026-07-15T01:51:00.514146+00:00,21085844,21105,520662,Megan Thee Stallion,Megan Thee Stallion - BOA [Official Video],megan,2024-05-10,2026-07-15,796,26489.75376884422,654.0979899497487,winner,disputed,rap_battle
rV7zBXq5JsY,b6_post_nicki,FTCU (SLEEZEMIX),Nicki Minaj,b6,post,2024-04-19,2026-07-15T01:51:00.514146+00:00,4272801,9503,117597,Nicki Minaj,"Nicki Minaj - FTCU (SLEEZEMIX) ft. Travis Scott, Chris Brown & Sexyy Red",nicki,2024-04-19,2026-07-15,817,5229.86658506732,143.937576499388,loser,disputed,rap_battle
HfWLgELllZs,b1_post_kendrick_02,luther,Kendrick Lamar,b1,post,2024-11-22,2026-07-15T01:51:00.514146+00:00,176565068,23306,1158507,Kendrick Lamar,Kendrick Lamar - luther (Official Audio),kendrick,2024-11-22,2026-07-15,600,294275.11333333334,1930.845,winner,clear,rap_battle
fuV4yQWdn_4,b1_post_kendrick_03,squabble up,Kendrick Lamar,b1,post,2024-11-25,2026-07-15T01:51:00.514146+00:00,76231780,61877,1373167,Kendrick Lamar,squabble up,kendrick,2024-11-25,2026-07-15,597,127691.42378559464,2300.112227805695,winner,clear,rap_battle
cbHkzwa0QmM,b1_post_kendrick_04,peekaboo,Kendrick Lamar,b1,post,2024-11-22,2026-07-15T01:51:00.514146+00:00,56885633,20671,565498,Kendrick Lamar,Kendrick Lamar - peekaboo (Official Audio),kendrick,2024-11-22,2026-07-15,600,94809.38833333334,942.4966666666667,winner,clear,rap_battle
YwUQ_5iV9pY,b1_post_kendrick_05,wacced out murals,Kendrick Lamar,b1,post,2024-11-22,2026-07-15T01:51:00.514146+00:00,34030579,27890,441045,Kendrick Lamar,Kendrick Lamar - wacced out murals (Official Audio),kendrick,2024-11-22,2026-07-15,600,56717.63166666667,735.075,winner,clear,rap_battle
SD4yRDY9mek,b1_post_drake_02,Janice STFU,Drake,b1,post,2026-05-15,2026-07-15T01:51:00.514146+00:00,43578955,34360,486741,DrakeVEVO,Drake - Janice STFU,drake,2026-05-15,2026-07-15,61,714409.0983606557,7979.360655737705,loser,clear,rap_battle
MoR47PedfaU,b1_post_drake_03,shabang,Drake,b1,post,2026-05-16,2026-07-15T01:51:00.514146+00:00,16762192,9348,181946,DrakeVEVO,Drake - shabang,drake,2026-05-16,2026-07-15,60,279369.86666666664,3032.4333333333334,loser,clear,rap_battle
ESRCdJHbvnU,b1_post_drake_04,2 Hard 4 The Radio,Drake,b1,post,2026-05-16,2026-07-15T01:51:00.514146+00:00,9570779,11480,143607,DrakeVEVO,Drake - 2 Hard 4 The Radio,drake,2026-05-16,2026-07-15,60,159512.98333333334,2393.45,loser,clear,rap_battle
Z8wKeg_nRVI,b1_post_drake_05,B's On The Table,Drake,b1,post,2026-05-16,2026-07-15T01:51:00.514146+00:00,7769832,4853,101162,DrakeVEVO,"Drake, 21 Savage - B’s On The Table",drake,2026-05-16,2026-07-15,60,129497.2,1686.0333333333333,loser,clear,rap_battle
sF5IU-Pyn2A,b2_post_pusha_02,Puppets (Succession Remix),Pusha T,b2,post,2019-10-11,2026-07-15T01:51:00.514146+00:00,951617,717,16814,PushaTVEVO,"Pusha T, Nicholas Britell - Puppets (Succession Remix - Official Audio)",pusha,2019-10-11,2026-07-15,2469,385.4260834345889,6.8100445524503845,winner,clear,rap_battle
9bx_r7H7eF8,b2_post_pusha_03,Coming Home ft. Ms. Lauryn Hill,Pusha T,b2,post,2019-08-28,2026-07-15T01:51:00.514146+00:00,3403526,3802,56146,PushaTVEVO,Pusha T - Coming Home ft. Ms. Lauryn Hill (Official Audio),pusha,2019-08-28,2026-07-15,2513,1354.367688022284,22.342220453641065,winner,clear,rap_battle
xq3eNq43C-0,b2_post_pusha_04,Sociopath ft. Kash Doll,Pusha T,b2,post,2019-08-28,2026-07-15T01:51:00.514146+00:00,458023,603,9276,PushaTVEVO,Pusha T - Sociopath ft. Kash Doll (Official Audio),pusha,2019-08-28,2026-07-15,2513,182.26144050935136,3.691205730202945,winner,clear,rap_battle
JFm7YDVlqnI,b2_post_drake_02,Laugh Now Cry Later ft. Lil Durk,Drake,b2,post,2020-08-14,2026-07-15T01:51:00.514146+00:00,585766734,150566,4602705,DrakeVEVO,Drake - Laugh Now Cry Later (Official Music Video) ft. Lil Durk,drake,2020-08-14,2026-07-15,2161,271062.8107357705,2129.8958815363258,loser,clear,rap_battle
lJTRVX9R5EA,b2_post_drake_03,Nonstop,Drake,b2,post,2018-08-04,2026-07-15T01:51:00.514146+00:00,124270903,31146,1219815,DrakeVEVO,Drake - Nonstop,drake,2018-08-04,2026-07-15,2902,42822.50275671951,420.33597518952445,loser,clear,rap_battle
V7UgPHjN9qE,b2_post_drake_04,Jimmy Cooks ft. 21 Savage,Drake,b2,post,2022-06-17,2026-07-15T01:51:00.514146+00:00,123759579,14661,928345,DrakeVEVO,Drake - Jimmy Cooks (Audio) ft. 21 Savage,drake,2022-06-17,2026-07-15,1489,83115.90261920753,623.4687709872397,loser,clear,rap_battle
vX9msKu75qs,b2_post_drake_05,"Way 2 Sexy ft. Future, Young Thug",Drake,b2,post,2021-09-03,2026-07-15T01:51:00.514146+00:00,111340671,49907,1327070,DrakeVEVO,Drake ft. Future and Young Thug - Way 2 Sexy (Official Video),drake,2021-09-03,2026-07-15,1776,62691.81925675676,747.2240990990991,loser,clear,rap_battle
3qFvCPmee8U,b4_post_eminem_02,Godzilla ft. Juice WRLD,Eminem,b4,post,2020-03-04,2026-07-15T01:51:00.514146+00:00,66950042,45454,1457792,EminemVEVO,Eminem - Godzilla (Lyric Video) ft. Juice WRLD,eminem,2020-03-04,2026-07-15,2324,28808.10757314974,627.277108433735,winner,clear,rap_battle
FVeZcM6tBQU,b4_post_eminem_03,"Killer (Remix) ft. Jack Harlow, Cordae",Eminem,b4,post,2021-05-28,2026-07-15T01:51:00.514146+00:00,33660694,35310,647582,EminemVEVO,"Eminem - Killer (Remix) [Official Audio] ft. Jack Harlow, Cordae",eminem,2021-05-28,2026-07-15,1874,17961.94983991462,345.56136606189966,winner,clear,rap_battle
RjrA-slMoZ4,b4_post_eminem_04,From The D 2 The LBC,Eminem,b4,post,2022-06-24,2026-07-15T01:51:00.514146+00:00,120060672,101985,2739316,EminemVEVO,Eminem & Snoop Dogg - From The D 2 The LBC [Official Music Video],eminem,2022-06-24,2026-07-15,1482,81012.5991902834,1848.391363022942,winner,clear,rap_battle
X-TkrWpO75k,b4_post_eminem_05,Good Guy ft. Jessie Reyez,Eminem,b4,post,2018-12-07,2026-07-15T01:51:00.514146+00:00,56224134,48805,1041784,EminemVEVO,Eminem - Good Guy (Official Music Video) ft. Jessie Reyez,eminem,2018-12-07,2026-07-15,2777,20246.357220021608,375.14728123874687,winner,clear,rap_battle
J_n01uvyhI8,b4_post_mgk_02,my ex's best friend ft. blackbear,MGK,b4,post,2020-08-26,2026-07-15T01:51:00.514146+00:00,149011716,35592,1221785,MGKVEVO,Machine Gun Kelly ft. blackbear - my ex's best friend (Official Music Video),mgk,2020-08-26,2026-07-15,2149,69340.02605863192,568.5365286179618,loser,clear,rap_battle
wK-8TCDrbV8,b4_post_mgk_03,I Think I'm OKAY,MGK,b4,post,2019-06-13,2026-07-15T01:51:00.514146+00:00,144413936,49790,1317415,MGKVEVO,Machine Gun Kelly - I Think I'm OKAY [Official Music Video],mgk,2019-06-13,2026-07-15,2589,55779.81305523368,508.8509076863654,loser,clear,rap_battle
z7kYa5GQYKg,b4_post_mgk_04,Candy ft. Trippie Redd,MGK,b4,post,2019-07-09,2026-07-15T01:51:00.514146+00:00,100796432,44935,1242932,MGKVEVO,"Machine Gun Kelly, Trippie Redd - Candy (Official Music Video)",mgk,2019-07-09,2026-07-15,2563,39327.51931330472,484.95200936402654,loser,clear,rap_battle
0tn6nWYNK3Q,b4_post_mgk_05,forget me too ft. Halsey,MGK,b4,post,2020-10-22,2026-07-15T01:51:00.514146+00:00,95887598,31334,940632,MGKVEVO,Machine Gun Kelly ft. Halsey - forget me too (Official Music Video),mgk,2020-10-22,2026-07-15,2092,45835.37189292543,449.63288718929255,loser,clear,rap_battle
t61T0Wu7slg,b5_post_wayne_02,Don't Cry ft. XXXTENTACION,Lil Wayne,b5,post,2024-10-02,2026-07-15T01:51:00.514146+00:00,9848149,12332,355172,LilWayneVEVO,Lil Wayne - Don't Cry ft. XXXTENTACION,wayne,2024-10-02,2026-07-15,651,15127.725038402457,545.57910906298,winner,clear,legal
MGb5VUeartE,b5_post_wayne_03,Peanuts 2 N Elephants,Lil Wayne,b5,post,2025-06-06,2026-07-15T01:51:00.514146+00:00,1405348,6246,18554,LilWayneVEVO,Lil Wayne - Peanuts 2 N Elephants (Visualizer),wayne,2025-06-06,2026-07-15,404,3478.5841584158416,45.92574257425743,winner,clear,legal
Qlr1llwBQt8,b5_post_wayne_04,Big Worm,Lil Wayne,b5,post,2024-09-30,2026-07-15T01:51:00.514146+00:00,1177777,3136,40887,LilWayneVEVO,Lil Wayne - Big Worm,wayne,2024-09-30,2026-07-15,653,1803.6401225114855,62.61408882082695,winner,clear,legal
7DoEYRPiEjo,b5_post_wayne_05,Bells (Visualizer),Lil Wayne,b5,post,2025-06-06,2026-07-15T01:51:00.514146+00:00,2431353,4370,39938,LilWayneVEVO,Lil Wayne - Bells (Visualizer),wayne,2025-06-06,2026-07-15,404,6018.200495049505,98.85643564356435,winner,clear,legal
8LJqoRMyFSo,b5_post_birdman_02,Cap Talk ft. YoungBoy Never Broke Again,Birdman,b5,post,2019-04-26,2026-07-15T01:51:00.514146+00:00,31013429,9690,318351,BirdmanVEVO,Birdman - Cap Talk ft. YoungBoy Never Broke Again,birdman,2019-04-26,2026-07-15,2637,11760.875616230565,120.72468714448236,loser,clear,legal
b3S0N20zxCU,b5_post_birdman_03,Just Another Gangsta ft. Juvenile,Birdman,b5,post,2019-02-22,2026-07-15T01:51:00.514146+00:00,18229896,14165,210091,BirdmanVEVO,"Birdman, Juvenile - Just Another Gangsta",birdman,2019-02-22,2026-07-15,2700,6751.8133333333335,77.81148148148148,loser,clear,legal
49Ggx4ZafL8,b5_post_birdman_04,"Ride Dat ft. Juvenile, Lil Wayne",Birdman,b5,post,2019-09-13,2026-07-15T01:51:00.514146+00:00,5044126,6069,90914,BirdmanVEVO,"Birdman, Juvenile - Ride Dat ft. Lil Wayne",birdman,2019-09-13,2026-07-15,2497,2020.0744893872647,36.40929114937926,loser,clear,legal
a78G2OPKuD8,b5_post_birdman_05,"STUNNAMAN ft. Roddy Ricch, Lil Wayne",Birdman,b5,post,2021-05-21,2026-07-15T01:51:00.514146+00:00,10535452,9390,189159,BirdmanVEVO,"Birdman, Roddy Ricch, Lil Wayne - STUNNAMAN (Official Video)",birdman,2021-05-21,2026-07-15,1881,5600.984582668793,100.56299840510367,loser,clear,legal
OdxSbc0ap-s,b6_post_megan_02,Mamushi ft. Yuki Chiba,Megan Thee Stallion,b6,post,2024-08-09,2026-07-15T01:51:00.514146+00:00,101052544,46380,1745877,Megan Thee Stallion,Megan Thee Stallion - Mamushi (feat. Yuki Chiba) [Official Video],megan,2024-08-09,2026-07-15,705,143336.94184397164,2476.4212765957445,winner,disputed,rap_battle
TpYTyAaTRts,b6_post_megan_03,Neva Play ft. RM,Megan Thee Stallion,b6,post,2024-09-06,2026-07-15T01:51:00.514146+00:00,55264392,93950,1736305,Megan Thee Stallion,Megan Thee Stallion - Neva Play (feat. RM) [Official Video],megan,2024-09-06,2026-07-15,677,81631.30280649927,2564.704579025111,winner,disputed,rap_battle
QxTkZTLWdo4,b6_post_megan_04,Bigger In Texas,Megan Thee Stallion,b6,post,2024-10-25,2026-07-15T01:51:00.514146+00:00,30461111,17737,371678,Megan Thee Stallion,Megan Thee Stallion - Bigger In Texas [Official Video],megan,2024-10-25,2026-07-15,628,48504.953821656054,591.843949044586,winner,disputed,rap_battle
OBfCeimLNvQ,b6_post_nicki_02,Arctic Tundra ft. Juice WRLD,Nicki Minaj,b6,post,2024-11-22,2026-07-15T01:51:00.514146+00:00,2151370,7772,73245,NickiMinajAtVEVO,Nicki Minaj - Arctic Tundra (Visualizer) ft. Juice WRLD,nicki,2024-11-22,2026-07-15,600,3585.616666666667,122.075,loser,disputed,rap_battle
p7wJgqeD7wI,b6_post_nicki_03,"If It's Okay ft. David Guetta, Davido",Nicki Minaj,b6,post,2024-11-22,2026-07-15T01:51:00.514146+00:00,1652232,3991,51252,NickiMinajAtVEVO,"Nicki Minaj - If It's Okay (Visualizer) ft. David Guetta, Davido",nicki,2024-11-22,2026-07-15,600,2753.72,85.42,loser,disputed,rap_battle
zI383uEwA6Q,b1_catalog_kendrick_02,N95,Kendrick Lamar,b1,catalog,2022-05-14,2026-07-15T01:51:00.514146+00:00,109413575,59316,1838681,KendrickLamarVEVO,Kendrick Lamar - N95,kendrick,2022-05-14,2026-07-15,1523,71840.82403151675,1207.2757715036114,winner,clear,rap_battle
6nTcdw7bVdc,b1_catalog_kendrick_03,Count Me Out (Official Audio),Kendrick Lamar,b1,catalog,2022-05-13,2026-07-15T01:51:00.514146+00:00,55235072,10998,541838,Kendrick Lamar,Kendrick Lamar - Count Me Out (Official Audio),kendrick,2022-05-13,2026-07-15,1524,36243.485564304465,355.53674540682414,winner,clear,rap_battle
toBTPGfurLc,b1_catalog_kendrick_04,Rich Spirit,Kendrick Lamar,b1,catalog,2022-11-16,2026-07-15T01:51:00.514146+00:00,54628809,24422,854228,Kendrick Lamar,Kendrick Lamar - Rich Spirit,kendrick,2022-11-16,2026-07-15,1337,40859.243829468964,638.9139865370232,winner,clear,rap_battle
Lx3MGrafykU,b1_catalog_kendrick_05,Die Hard ft. Blxst & Amanda Reifer,Kendrick Lamar,b1,catalog,2022-05-13,2026-07-15T01:51:00.514146+00:00,36071981,8761,373783,Kendrick Lamar,Kendrick Lamar - Die Hard ft. Blxst & Amanda Reifer (Official Audio),kendrick,2022-05-13,2026-07-15,1524,23669.278871391078,245.26443569553805,winner,clear,rap_battle
THVbtGqEO1o,b1_catalog_drake_02,Fair Trade ft. Travis Scott,Drake,b1,catalog,2021-09-03,2026-07-15T01:51:00.514146+00:00,143791003,18423,1019355,DrakeVEVO,Drake - Fair Trade (Audio) ft. Travis Scott,drake,2021-09-03,2026-07-15,1776,80963.40259009009,573.9611486486486,loser,clear,rap_battle
XqpQpt_cmhE,b1_catalog_drake_03,"Knife Talk ft. 21 Savage, Project Pat",Drake,b1,catalog,2021-11-05,2026-07-15T01:51:00.514146+00:00,128815659,30564,1102106,DrakeVEVO,"Drake - Knife Talk (Official Video) ft. 21 Savage, Project Pat",drake,2021-11-05,2026-07-15,1713,75198.86690017513,643.3776999416228,loser,clear,rap_battle
V7UgPHjN9qE,b1_catalog_drake_04,Jimmy Cooks ft. 21 Savage,Drake,b1,catalog,2022-06-17,2026-07-15T01:51:00.514146+00:00,123759579,14661,928345,DrakeVEVO,Drake - Jimmy Cooks (Audio) ft. 21 Savage,drake,2022-06-17,2026-07-15,1489,83115.90261920753,623.4687709872397,loser,clear,rap_battle
vX9msKu75qs,b1_catalog_drake_05,"Way 2 Sexy ft. Future, Young Thug",Drake,b1,catalog,2021-09-03,2026-07-15T01:51:00.514146+00:00,111340671,49907,1327070,DrakeVEVO,Drake ft. Future and Young Thug - Way 2 Sexy (Official Video),drake,2021-09-03,2026-07-15,1776,62691.81925675676,747.2240990990991,loser,clear,rap_battle
R0NpahenvAg,b2_catalog_pusha_02,"M.P.A. ft. Kanye West, A$AP Rocky, The-Dream",Pusha T,b2,catalog,2016-01-01,2026-07-15T01:51:00.514146+00:00,12080483,3046,119434,PushaTVEVO,"Pusha T - M.P.A. (Explicit) ft. Kanye West, A$AP ROCKY, The-Dream",pusha,2016-01-01,2026-07-15,3848,3139.418659043659,31.037941787941786,winner,clear,rap_battle
NPI_6MX74j4,b2_catalog_pusha_03,Untouchable,Pusha T,b2,catalog,2015-11-20,2026-07-15T01:51:00.514146+00:00,9293640,3763,104566,PushaTVEVO,Pusha T - Untouchable (Explicit Official Video),pusha,2015-11-20,2026-07-15,3890,2389.1105398457585,26.880719794344472,winner,clear,rap_battle
crCFDQyfORM,b2_catalog_pusha_04,"Crutches, Crosses, Caskets",Pusha T,b2,catalog,2015-12-14,2026-07-15T01:51:00.514146+00:00,2211523,1420,24882,PushaTVEVO,"Pusha T - Crutches, Crosses, Caskets (Explicit Official Video)",pusha,2015-12-14,2026-07-15,3866,572.0442317640973,6.436109674081738,winner,clear,rap_battle
tPp7dNDe00U,b2_catalog_pusha_05,Drug Dealers Anonymous,Pusha T,b2,catalog,2016-06-28,2026-07-15T01:51:00.514146+00:00,1618475,868,16969,PushaTVEVO,Pusha T - Drug Dealers Anonymous (Audio),pusha,2016-06-28,2026-07-15,3669,441.12155900790407,4.624965930771327,winner,clear,rap_battle
uxpDa-c-4Mc,b2_catalog_drake_02,Hotline Bling,Drake,b2,catalog,2015-10-26,2026-07-15T01:51:00.514146+00:00,2143042134,459920,11570206,DrakeVEVO,Drake - Hotline Bling,drake,2015-10-26,2026-07-15,3915,547392.6268199234,2955.3527458492977,loser,clear,rap_battle
7LnBvuzjpr4,b2_catalog_drake_03,Energy,Drake,b2,catalog,2015-08-18,2026-07-15T01:51:00.514146+00:00,372658218,51059,2435249,DrakeVEVO,Drake - Energy,drake,2015-08-18,2026-07-15,3984,93538.7093373494,611.2572791164658,loser,clear,rap_battle
vcer12OFU2g,b2_catalog_drake_04,One Dance (Live On SNL),Drake,b2,catalog,2016-05-15,2026-07-15T01:51:00.514146+00:00,29700237,16603,267592,DrakeVEVO,"Drake - One Dance (Live On SNL) ft. Wizkid, Kyla",drake,2016-05-15,2026-07-15,3713,7998.986533800162,72.06894694317263,loser,clear,rap_battle
oeCihv9A3ac,b4_catalog_eminem_02,Phenomenal,Eminem,b4,catalog,2015-10-01,2026-07-15T01:51:00.514146+00:00,50490060,46648,794501,EminemVEVO,Eminem - Phenomenal,eminem,2015-10-01,2026-07-15,3940,12814.736040609137,201.65,winner,clear,rap_battle
_Ci6LhAmYJk,b4_catalog_eminem_03,Infinite (F.B.T. Remix),Eminem,b4,catalog,2016-11-18,2026-07-15T01:51:00.514146+00:00,14308819,21554,294971,EminemVEVO,Eminem - Infinite (F.B.T. Remix) [Official Audio],eminem,2016-11-18,2026-07-15,3526,4058.088201928531,83.65598411798071,winner,clear,rap_battle
tgvbhxb9yk8,b4_catalog_mgk_02,At My Best ft. Hailee Steinfeld,MGK,b4,catalog,2017-04-21,2026-07-15T01:51:00.514146+00:00,78526447,15537,795750,MGKVEVO,Machine Gun Kelly - At My Best ft. Hailee Steinfeld (Official Music Video),mgk,2017-04-21,2026-07-15,3372,23287.795670225387,235.98754448398577,loser,clear,rap_battle
BuSBo8AVpV0,b4_catalog_mgk_03,Young Man ft. Chief Keef,MGK,b4,catalog,2016-09-22,2026-07-15T01:51:00.514146+00:00,59387704,14186,478136,MGKVEVO,Machine Gun Kelly - Young Man ft. Chief Keef (Official Music Video),mgk,2016-09-22,2026-07-15,3583,16574.854591124757,133.44571588054703,loser,clear,rap_battle
X5-sg1SnDAM,b4_catalog_mgk_04,Alpha Omega,MGK,b4,catalog,2016-02-26,2026-07-15T01:51:00.514146+00:00,59076105,18681,483355,MGKVEVO,Machine Gun Kelly - Alpha Omega (Official Music Video),mgk,2016-02-26,2026-07-15,3792,15579.14161392405,127.4670358649789,loser,clear,rap_battle
BKywT1BQW_M,b4_catalog_mgk_05,"Trap Paris ft. Quavo, Ty Dolla $ign",MGK,b4,catalog,2017-06-07,2026-07-15T01:51:00.514146+00:00,43018146,10285,459736,MGKVEVO,"Machine Gun Kelly - Trap Paris ft. Quavo, Ty Dolla $ign (Official Music Video)",mgk,2017-06-07,2026-07-15,3325,12937.788270676692,138.26646616541353,loser,clear,rap_battle
OZLUa8JUR18,b5_catalog_wayne_02,Mirror ft. Bruno Mars,Lil Wayne,b5,catalog,2012-01-31,2026-07-15T01:51:00.514146+00:00,974391781,314049,5890197,LilWayneVEVO,Lil Wayne - Mirror ft. Bruno Mars (Official Music Video) ft. Bruno Mars,wayne,2012-01-31,2026-07-15,5279,184578.85603333966,1115.7789354044326,winner,clear,legal
KY44zvhWhp4,b5_catalog_wayne_03,"Love Me ft. Drake, Future",Lil Wayne,b5,catalog,2013-02-15,2026-07-15T01:51:00.514146+00:00,660685966,127157,3976088,LilWayneVEVO,"Lil Wayne - Love Me (Explicit Version/Closed Captioned) ft. Drake, Future",wayne,2013-02-15,2026-07-15,4898,134888.92731727235,811.7778685177624,winner,clear,legal
5z25pGEGBM4,b5_catalog_wayne_04,No Worries ft. Detail,Lil Wayne,b5,catalog,2012-11-28,2026-07-15T01:51:00.514146+00:00,83629894,33810,514085,LilWayneVEVO,Lil Wayne - No Worries ft. Detail (Explicit) ft. Detail,wayne,2012-11-28,2026-07-15,4977,16803.273859754874,103.29214386176412,winner,clear,legal
_Nb4EHY_2bI,b5_catalog_wayne_05,God Bless Amerika,Lil Wayne,b5,catalog,2013-07-17,2026-07-15T01:51:00.514146+00:00,73094465,45533,505830,LilWayneVEVO,Lil Wayne - God Bless Amerika (Official Music Video),wayne,2013-07-17,2026-07-15,4746,15401.277918246944,106.5802781289507,winner,clear,legal
6ImFf__U6io,b5_catalog_birdman_02,"Dark Shades ft. Lil Wayne, Mack Maine",Birdman,b5,catalog,2012-05-25,2026-07-15T01:51:00.514146+00:00,12794163,7653,80797,BirdmanVEVO,"Birdman - Dark Shades (Explicit) ft. Lil Wayne, Mack Maine",birdman,2012-05-25,2026-07-15,5164,2477.5683578621224,15.646204492641363,loser,clear,legal
DTmwGXP2c6Q,b5_catalog_birdman_03,Born Stunna (Explicit Version),Birdman,b5,catalog,2012-06-11,2026-07-15T01:51:00.514146+00:00,12183101,6119,61129,BirdmanVEVO,Birdman - Born Stunna (Explicit Version) ft. Rick Ross,birdman,2012-06-11,2026-07-15,5147,2367.0295317660775,11.876627161453273,loser,clear,legal
6cOjnTHQLGM,b5_catalog_birdman_04,"Shout Out ft. Gudda Gudda, French Montana",Birdman,b5,catalog,2013-01-18,2026-07-15T01:51:00.514146+00:00,8201195,3233,42077,BirdmanVEVO,"Birdman - Shout Out ft. Gudda Gudda, French Montana",birdman,2013-01-18,2026-07-15,4926,1664.8792123426715,8.54181892001624,loser,clear,legal
kFHQzwNMo_Q,b5_catalog_birdman_05,Born Stunna ft. Rick Ross,Birdman,b5,catalog,2012-06-11,2026-07-15T01:51:00.514146+00:00,6316312,1645,23044,BirdmanVEVO,Birdman - Born Stunna ft. Rick Ross,birdman,2012-06-11,2026-07-15,5147,1227.1832135224402,4.4771711676704875,loser,clear,legal
AqaQsL-8I_M,b6_catalog_megan_02,Cry Baby ft. DaBaby,Megan Thee Stallion,b6,catalog,2021-02-04,2026-07-15T01:51:00.514146+00:00,152831375,46044,1769155,Megan Thee Stallion,Megan Thee Stallion - Cry Baby (feat. DaBaby) [Official Video],megan,2021-02-04,2026-07-15,1987,76915.63915450427,890.3648716658279,winner,disputed,rap_battle
K7JrX7PHGBE,b6_catalog_megan_03,Sweetest Pie (with Dua Lipa),Megan Thee Stallion,b6,catalog,2022-03-11,2026-07-15T01:51:00.514146+00:00,97964360,37409,1291399,Megan Thee Stallion,Megan Thee Stallion & Dua Lipa - Sweetest Pie [Official Video],megan,2022-03-11,2026-07-15,1587,61729.27536231884,813.7359798361689,winner,disputed,rap_battle
KynkMn5Hv3Q,b6_catalog_megan_04,Thot Shit,Megan Thee Stallion,b6,catalog,2021-06-11,2026-07-15T01:51:00.514146+00:00,79188914,52571,1380756,Megan Thee Stallion,Megan Thee Stallion - Thot Shit [Official Video],megan,2021-06-11,2026-07-15,1860,42574.68494623656,742.341935483871,winner,disputed,rap_battle
qQuQ8zDxGh0,b6_catalog_megan_05,Plan B,Megan Thee Stallion,b6,catalog,2022-06-02,2026-07-15T01:51:00.514146+00:00,34680855,18458,577350,Megan Thee Stallion,Megan Thee Stallion - Plan B [Official Video],megan,2022-06-02,2026-07-15,1504,23059.079122340427,383.87632978723406,winner,disputed,rap_battle
yrGR11TDRYM,b6_catalog_nicki_02,Do We Have A Problem? ft. Lil Baby,Nicki Minaj,b6,catalog,2022-02-04,2026-07-15T01:51:00.514146+00:00,40681292,75780,988600,NickiMinajAtVEVO,Nicki Minaj ft. Lil Baby - Do We Have A Problem? (Official Music Video),nicki,2022-02-04,2026-07-15,1622,25080.94451294698,609.4944512946979,loser,disputed,rap_battle
_Q7rcUm0Dro,b6_catalog_nicki_03,"Seeing Green ft. Drake, Lil Wayne",Nicki Minaj,b6,catalog,2021-05-14,2026-07-15T01:51:00.514146+00:00,35401590,45844,550673,NickiMinajAtVEVO,"Nicki Minaj, Drake, Lil Wayne - Seeing Green (Official Audio)",nicki,2021-05-14,2026-07-15,1888,18750.84216101695,291.6700211864407,loser,disputed,rap_battle
O-M1ITkiptg,b6_catalog_nicki_04,Bussin ft. Lil Baby,Nicki Minaj,b6,catalog,2022-02-11,2026-07-15T01:51:00.514146+00:00,13641167,19722,292735,NickiMinajAtVEVO,"Nicki Minaj, Lil Baby - Bussin (Official Audio)",nicki,2022-02-11,2026-07-15,1615,8446.543034055727,181.26006191950464,loser,disputed,rap_battle
9zRe5wnqSi4,b6_catalog_nicki_05,Itty Bitty Piggy,Nicki Minaj,b6,catalog,2021-05-14,2026-07-15T01:51:00.514146+00:00,12492741,8018,214660,NickiMinajAtVEVO,Nicki Minaj - Itty Bitty Piggy (Official Audio),nicki,2021-05-14,2026-07-15,1888,6616.917902542373,113.69703389830508,loser,disputed,rap_battle
